Day,SourceID,QuantityID,SourceTypeName,DailyAverage
2022-05-01,5,129,Satec_PM175,62497.0
2022-05-02,5,129,Satec_PM175,75719.0
2022-05-03,5,129,Satec_PM175,78533.0
2022-05-04,5,129,Satec_PM175,68656.0
2022-05-05,5,129,Satec_PM175,58432.0
2022-05-06,5,129,Satec_PM175,59954.0
2022-05-07,5,129,Satec_PM175,57711.0
2022-05-08,5,129,Satec_PM175,69464.0
2022-05-09,5,129,Satec_PM175,70587.0
2022-05-10,5,129,Satec_PM175,76425.0
2022-05-11,5,129,Satec_PM175,77719.0
2022-05-12,5,129,Satec_PM175,76040.0
2022-05-13,5,129,Satec_PM175,67570.0
2022-05-14,5,129,Satec_PM175,70411.0
2022-05-15,5,129,Satec_PM175,78838.0
2022-05-16,5,129,Satec_PM175,80493.0
2022-05-17,5,129,Satec_PM175,79633.0
2022-05-18,5,129,Satec_PM175,80279.0
2022-05-19,5,129,Satec_PM175,83047.0
2022-05-20,5,129,Satec_PM175,74314.0
2022-05-21,5,129,Satec_PM175,70520.0
2022-05-22,5,129,Satec_PM175,79615.0
2022-05-23,5,129,Satec_PM175,83801.0
2022-05-24,5,129,Satec_PM175,84349.0
2022-05-25,5,129,Satec_PM175,86360.0
2022-05-26,5,129,Satec_PM175,90025.0
2022-05-27,5,129,Satec_PM175,79992.0
2022-05-28,5,129,Satec_PM175,70227.0
2022-05-29,5,129,Satec_PM175,91878.0
2022-05-30,5,129,Satec_PM175,92204.0
2022-05-31,5,129,Satec_PM175,93691.0
2022-06-01,5,129,Satec_PM175,89435.0
2022-06-02,5,129,Satec_PM175,86137.0
2022-06-03,5,129,Satec_PM175,75958.0
2022-06-04,5,129,Satec_PM175,74686.0
2022-06-05,5,129,Satec_PM175,76510.0
2022-06-06,5,129,Satec_PM175,89708.0
2022-06-07,5,129,Satec_PM175,93035.0
2022-06-08,5,129,Satec_PM175,95909.0
2022-06-09,5,129,Satec_PM175,94010.0
2022-06-10,5,129,Satec_PM175,85174.0
2022-06-11,5,129,Satec_PM175,81204.0
2022-06-12,5,129,Satec_PM175,97802.0
2022-06-13,5,129,Satec_PM175,94853.0
2022-06-14,5,129,Satec_PM175,96657.0
2022-06-15,5,129,Satec_PM175,96712.0
2022-06-16,5,129,Satec_PM175,98315.0
2022-06-17,5,129,Satec_PM175,47964.0
2022-06-18,5,129,Satec_PM175,85190.0
2022-06-19,5,129,Satec_PM175,96727.0
2022-06-20,5,129,Satec_PM175,95310.0
2022-06-21,5,129,Satec_PM175,93671.0
2022-06-22,5,129,Satec_PM175,96645.0
2022-06-23,5,129,Satec_PM175,101719.0
2022-06-24,5,129,Satec_PM175,88667.0
2022-06-25,5,129,Satec_PM175,84950.0
2022-06-26,5,129,Satec_PM175,86586.0
2022-06-27,5,129,Satec_PM175,99265.0
2022-06-28,5,129,Satec_PM175,100580.0
2022-06-29,5,129,Satec_PM175,100658.0
2022-06-30,5,129,Satec_PM175,99449.0
2022-07-01,5,129,Satec_PM175,88348.0
2022-07-02,5,129,Satec_PM175,90673.0
2022-07-03,5,129,Satec_PM175,106044.0
2022-07-04,5,129,Satec_PM175,107255.0
2022-07-05,5,129,Satec_PM175,104586.0
2022-07-06,5,129,Satec_PM175,102668.0
2022-07-07,5,129,Satec_PM175,102704.0
2022-07-08,5,129,Satec_PM175,89476.0
2022-07-09,5,129,Satec_PM175,88832.0
2022-07-10,5,129,Satec_PM175,104255.0
2022-07-11,5,129,Satec_PM175,102255.0
2022-07-12,5,129,Satec_PM175,104318.0
2022-07-13,5,129,Satec_PM175,107100.0
2022-07-14,5,129,Satec_PM175,104205.0
2022-07-15,5,129,Satec_PM175,93353.0
2022-07-16,5,129,Satec_PM175,84642.0
2022-07-17,5,129,Satec_PM175,99043.0
2022-07-18,5,129,Satec_PM175,111455.0
2022-07-19,5,129,Satec_PM175,111568.0
2022-07-20,5,129,Satec_PM175,113963.0
2022-07-21,5,129,Satec_PM175,109797.0
2022-07-22,5,129,Satec_PM175,97909.0
2022-07-23,5,129,Satec_PM175,96864.0
2022-07-24,5,129,Satec_PM175,112984.0
2022-07-25,5,129,Satec_PM175,111404.0
2022-07-26,5,129,Satec_PM175,110196.0
2022-07-27,5,129,Satec_PM175,110428.0
2022-07-28,5,129,Satec_PM175,111556.0
2022-07-29,5,129,Satec_PM175,103918.0
2022-07-30,5,129,Satec_PM175,97372.0
2022-07-31,5,129,Satec_PM175,103978.0
2022-08-01,5,129,Satec_PM175,108597.0
2022-08-02,5,129,Satec_PM175,113555.0
2022-08-03,5,129,Satec_PM175,109756.0
2022-08-04,5,129,Satec_PM175,113301.0
2022-08-05,5,129,Satec_PM175,102253.0
2022-08-06,5,129,Satec_PM175,98735.0
2022-08-07,5,129,Satec_PM175,107161.0
2022-08-08,5,129,Satec_PM175,104668.0
2022-08-09,5,129,Satec_PM175,108231.0
2022-08-10,5,129,Satec_PM175,110858.0
2022-08-11,5,129,Satec_PM175,111028.0
2022-08-12,5,129,Satec_PM175,93633.0
2022-08-13,5,129,Satec_PM175,90931.0
2022-08-14,5,129,Satec_PM175,109257.0
2022-08-15,5,129,Satec_PM175,108377.0
2022-08-16,5,129,Satec_PM175,110264.0
2022-08-17,5,129,Satec_PM175,108058.0
2022-08-18,5,129,Satec_PM175,105076.0
2022-08-19,5,129,Satec_PM175,96018.0
2022-08-20,5,129,Satec_PM175,97157.0
2022-08-21,5,129,Satec_PM175,112797.0
2022-08-22,5,129,Satec_PM175,111072.0
2022-08-23,5,129,Satec_PM175,109201.0
2022-08-24,5,129,Satec_PM175,107233.0
2022-08-25,5,129,Satec_PM175,115341.0
2022-08-26,5,129,Satec_PM175,102613.0
2022-08-27,5,129,Satec_PM175,103121.0
2022-08-28,5,129,Satec_PM175,121616.0
2022-08-29,5,129,Satec_PM175,120300.0
2022-08-30,5,129,Satec_PM175,118810.0
2022-08-31,5,129,Satec_PM175,118058.0
2022-09-01,5,129,Satec_PM175,117191.0
2022-09-02,5,129,Satec_PM175,107490.0
2022-09-03,5,129,Satec_PM175,106206.0
2022-09-04,5,129,Satec_PM175,115327.0
2022-09-05,5,129,Satec_PM175,110254.0
2022-09-06,5,129,Satec_PM175,108770.0
2022-09-07,5,129,Satec_PM175,110940.0
2022-09-08,5,129,Satec_PM175,110917.0
2022-09-09,5,129,Satec_PM175,99341.0
2022-09-10,5,129,Satec_PM175,96271.0
2022-09-11,5,129,Satec_PM175,105889.0
2022-09-12,5,129,Satec_PM175,108103.0
2022-09-13,5,129,Satec_PM175,112328.0
2022-09-14,5,129,Satec_PM175,102864.0
2022-09-15,5,129,Satec_PM175,98568.0
2022-09-16,5,129,Satec_PM175,94345.0
2022-09-17,5,129,Satec_PM175,96991.0
2022-09-18,5,129,Satec_PM175,108782.0
2022-09-19,5,129,Satec_PM175,99617.0
2022-09-20,5,129,Satec_PM175,104037.0
2022-09-21,5,129,Satec_PM175,92793.0
2022-09-22,5,129,Satec_PM175,78953.0
2022-09-23,5,129,Satec_PM175,80349.0
2022-09-24,5,129,Satec_PM175,79497.0
2022-09-25,5,129,Satec_PM175,82817.0
2022-09-26,5,129,Satec_PM175,80425.0
2022-09-27,5,129,Satec_PM175,84139.0
2022-09-28,5,129,Satec_PM175,97171.0
2022-09-29,5,129,Satec_PM175,102112.0
2022-09-30,5,129,Satec_PM175,96803.0
2022-10-01,5,129,Satec_PM175,94796.0
2022-10-02,5,129,Satec_PM175,107246.0
2022-10-03,5,129,Satec_PM175,106727.0
2022-10-04,5,129,Satec_PM175,88636.0
2022-10-05,5,129,Satec_PM175,82808.0
2022-10-06,5,129,Satec_PM175,92167.0
2022-10-07,5,129,Satec_PM175,72458.0
2022-10-08,5,129,Satec_PM175,74805.0
2022-10-09,5,129,Satec_PM175,75598.0
2022-10-10,5,129,Satec_PM175,76003.0
2022-10-11,5,129,Satec_PM175,92539.0
2022-10-12,5,129,Satec_PM175,91853.0
2022-10-13,5,129,Satec_PM175,87696.0
2022-10-14,5,129,Satec_PM175,77423.0
2022-10-15,5,129,Satec_PM175,77953.0
2022-10-16,5,129,Satec_PM175,79113.0
2022-10-17,5,129,Satec_PM175,77919.0
2022-10-18,5,129,Satec_PM175,90390.0
2022-10-19,5,129,Satec_PM175,88934.0
2022-10-20,5,129,Satec_PM175,91209.0
2022-10-21,5,129,Satec_PM175,80274.0
2022-10-22,5,129,Satec_PM175,77252.0
2022-10-23,5,129,Satec_PM175,86878.0
2022-10-24,5,129,Satec_PM175,91209.0
2022-10-25,5,129,Satec_PM175,87288.0
2022-10-26,5,129,Satec_PM175,83814.0
2022-10-27,5,129,Satec_PM175,87380.0
2022-10-28,5,129,Satec_PM175,78285.0
2022-10-29,5,129,Satec_PM175,73748.0
2022-10-30,5,129,Satec_PM175,86862.0
2022-10-31,5,129,Satec_PM175,89958.0
2022-11-01,5,129,Satec_PM175,80060.0
2022-11-02,5,129,Satec_PM175,82493.0
2022-11-03,5,129,Satec_PM175,84980.0
2022-11-04,5,129,Satec_PM175,71440.0
2022-11-05,5,129,Satec_PM175,68910.0
2022-11-06,5,129,Satec_PM175,85426.0
2022-11-07,5,129,Satec_PM175,86269.0
2022-11-08,5,129,Satec_PM175,82316.0
2022-11-09,5,129,Satec_PM175,78366.0
2022-11-10,5,129,Satec_PM175,75253.0
2022-11-11,5,129,Satec_PM175,66507.0
2022-11-12,5,129,Satec_PM175,64885.0
2022-11-13,5,129,Satec_PM175,77785.0
2022-11-14,5,129,Satec_PM175,80090.0
2022-11-15,5,129,Satec_PM175,80959.0
2022-11-16,5,129,Satec_PM175,77140.0
2022-11-17,5,129,Satec_PM175,77169.0
2022-11-18,5,129,Satec_PM175,70181.0
2022-11-19,5,129,Satec_PM175,67420.0
2022-11-20,5,129,Satec_PM175,73713.0
2022-11-21,5,129,Satec_PM175,74280.0
2022-11-22,5,129,Satec_PM175,76344.0
2022-11-23,5,129,Satec_PM175,74353.0
2022-11-24,5,129,Satec_PM175,68972.0
2022-11-25,5,129,Satec_PM175,60178.0
2022-11-26,5,129,Satec_PM175,58921.0
2022-11-27,5,129,Satec_PM175,67841.0
2022-11-28,5,129,Satec_PM175,70394.0
2022-11-29,5,129,Satec_PM175,70141.0
2022-11-30,5,129,Satec_PM175,72989.0
2022-12-01,5,129,Satec_PM175,70990.0
2022-12-02,5,129,Satec_PM175,61127.0
2022-12-03,5,129,Satec_PM175,57540.0
2022-12-04,5,129,Satec_PM175,69244.0
2022-12-05,5,129,Satec_PM175,73080.0
2022-12-06,5,129,Satec_PM175,73794.0
2022-12-07,5,129,Satec_PM175,74113.0
2022-12-08,5,129,Satec_PM175,73126.0
2022-12-09,5,129,Satec_PM175,62379.0
2022-12-10,5,129,Satec_PM175,58115.0
2022-12-11,5,129,Satec_PM175,68159.0
2022-12-12,5,129,Satec_PM175,69859.0
2022-12-13,5,129,Satec_PM175,71725.0
2022-12-14,5,129,Satec_PM175,72484.0
2022-12-15,5,129,Satec_PM175,72975.0
2022-12-16,5,129,Satec_PM175,65601.0
2022-12-17,5,129,Satec_PM175,63611.0
2022-12-18,5,129,Satec_PM175,70422.0
2022-12-19,5,129,Satec_PM175,70864.0
2022-12-20,5,129,Satec_PM175,70633.0
2022-12-21,5,129,Satec_PM175,71538.0
2022-12-22,5,129,Satec_PM175,67151.0
2022-12-23,5,129,Satec_PM175,57139.0
2022-12-24,5,129,Satec_PM175,57550.0
2022-12-25,5,129,Satec_PM175,68909.0
2022-12-26,5,129,Satec_PM175,70031.0
2022-12-27,5,129,Satec_PM175,67426.0
2022-12-28,5,129,Satec_PM175,68215.0
2022-12-29,5,129,Satec_PM175,66105.0
2022-12-30,5,129,Satec_PM175,58024.0
2022-12-31,5,129,Satec_PM175,55886.0
2023-01-01,5,129,Satec_PM175,66652.0
2023-01-02,5,129,Satec_PM175,68775.0
2023-01-03,5,129,Satec_PM175,68862.0
2023-01-04,5,129,Satec_PM175,68463.0
2023-01-05,5,129,Satec_PM175,67979.0
2023-01-06,5,129,Satec_PM175,60997.0
2023-01-07,5,129,Satec_PM175,59756.0
2023-01-08,5,129,Satec_PM175,68670.0
2023-01-09,5,129,Satec_PM175,67716.0
2023-01-10,5,129,Satec_PM175,67607.0
2023-01-11,5,129,Satec_PM175,67605.0
2023-01-12,5,129,Satec_PM175,65472.0
2023-01-13,5,129,Satec_PM175,56645.0
2023-01-14,5,129,Satec_PM175,54229.0
2023-01-15,5,129,Satec_PM175,68271.0
2023-01-16,5,129,Satec_PM175,68669.0
2023-01-17,5,129,Satec_PM175,69382.0
2023-01-18,5,129,Satec_PM175,71203.0
2023-01-19,5,129,Satec_PM175,69040.0
2023-01-20,5,129,Satec_PM175,58349.0
2023-01-21,5,129,Satec_PM175,57133.0
2023-01-22,5,129,Satec_PM175,67007.0
2023-01-23,5,129,Satec_PM175,67666.0
2023-01-24,5,129,Satec_PM175,68799.0
2023-01-25,5,129,Satec_PM175,71398.0
2023-01-26,5,129,Satec_PM175,68368.0
2023-01-27,5,129,Satec_PM175,59550.0
2023-01-28,5,129,Satec_PM175,61458.0
2023-01-29,5,129,Satec_PM175,68984.0
2023-01-30,5,129,Satec_PM175,68706.0
2023-01-31,5,129,Satec_PM175,69121.0
2023-02-01,5,129,Satec_PM175,68454.0
2023-02-02,5,129,Satec_PM175,67375.0
2023-02-03,5,129,Satec_PM175,56648.0
2023-02-04,5,129,Satec_PM175,54559.0
2023-02-05,5,129,Satec_PM175,67262.0
2023-02-06,5,129,Satec_PM175,67612.0
2023-02-07,5,129,Satec_PM175,66895.0
2023-02-08,5,129,Satec_PM175,66224.0
2023-02-09,5,129,Satec_PM175,64810.0
2023-02-10,5,129,Satec_PM175,54037.0
2023-02-11,5,129,Satec_PM175,52214.0
2023-02-12,5,129,Satec_PM175,64780.0
2023-02-13,5,129,Satec_PM175,65146.0
2023-02-14,5,129,Satec_PM175,66491.0
2023-02-15,5,129,Satec_PM175,65730.0
2023-02-16,5,129,Satec_PM175,65481.0
2023-02-17,5,129,Satec_PM175,54133.0
2023-02-18,5,129,Satec_PM175,53097.0
2023-02-19,5,129,Satec_PM175,68360.0
2023-02-20,5,129,Satec_PM175,68073.0
2023-02-21,5,129,Satec_PM175,67441.0
2023-02-22,5,129,Satec_PM175,68456.0
2023-02-23,5,129,Satec_PM175,66718.0
2023-02-24,5,129,Satec_PM175,56705.0
2023-02-25,5,129,Satec_PM175,56535.0
2023-02-26,5,129,Satec_PM175,69569.0
2023-02-27,5,129,Satec_PM175,70890.0
2023-02-28,5,129,Satec_PM175,71594.0
2023-03-01,5,129,Satec_PM175,71377.0
2023-03-02,5,129,Satec_PM175,69959.0
2023-03-03,5,129,Satec_PM175,64118.0
2023-03-04,5,129,Satec_PM175,61396.0
2023-03-05,5,129,Satec_PM175,69458.0
2023-03-06,5,129,Satec_PM175,70252.0
2023-03-07,5,129,Satec_PM175,66911.0
2023-03-08,5,129,Satec_PM175,67610.0
2023-03-09,5,129,Satec_PM175,66963.0
2023-03-10,5,129,Satec_PM175,58414.0
2023-03-11,5,129,Satec_PM175,57522.0
2023-03-12,5,129,Satec_PM175,67310.0
2023-03-13,5,129,Satec_PM175,74618.0
2023-03-14,5,129,Satec_PM175,72911.0
2023-03-15,5,129,Satec_PM175,70174.0
2023-03-16,5,129,Satec_PM175,66131.0
2023-03-17,5,129,Satec_PM175,58738.0
2023-03-18,5,129,Satec_PM175,56562.0
2023-03-19,5,129,Satec_PM175,65859.0
2023-03-20,5,129,Satec_PM175,68910.0
2023-03-21,5,129,Satec_PM175,69117.0
2023-03-22,5,129,Satec_PM175,69763.0
2023-03-23,5,129,Satec_PM175,68908.0
2023-03-24,5,129,Satec_PM175,59931.0
2023-03-25,5,129,Satec_PM175,55979.0
2023-03-26,5,129,Satec_PM175,68886.0
2023-03-27,5,129,Satec_PM175,66584.0
2023-03-28,5,129,Satec_PM175,66326.0
2023-03-29,5,129,Satec_PM175,64646.0
2023-03-30,5,129,Satec_PM175,59275.0
2023-03-31,5,129,Satec_PM175,49433.0
2023-04-01,5,129,Satec_PM175,49748.0
2023-04-02,5,129,Satec_PM175,62111.0
2023-04-03,5,129,Satec_PM175,67754.0
2023-04-04,5,129,Satec_PM175,68798.0
2023-04-05,5,129,Satec_PM175,56869.0
2023-04-06,5,129,Satec_PM175,51841.0
2023-04-07,5,129,Satec_PM175,55452.0
2023-04-08,5,129,Satec_PM175,56784.0
2023-04-09,5,129,Satec_PM175,69117.0
2023-04-10,5,129,Satec_PM175,72778.0
2023-04-11,5,129,Satec_PM175,56534.0
2023-04-12,5,129,Satec_PM175,48957.0
2023-04-13,5,129,Satec_PM175,57592.0
2023-04-14,5,129,Satec_PM175,38158.0
2023-04-15,5,129,Satec_PM175,52863.0
2023-04-16,5,129,Satec_PM175,69476.0
2023-04-17,5,129,Satec_PM175,73129.0
2023-04-18,5,129,Satec_PM175,78670.0
2023-04-19,5,129,Satec_PM175,77454.0
2023-04-20,5,129,Satec_PM175,69656.0
2023-04-21,5,129,Satec_PM175,57137.0
2023-04-22,5,129,Satec_PM175,58246.0
2023-04-23,5,129,Satec_PM175,72528.0
2023-04-24,5,129,Satec_PM175,70398.0
2023-04-25,5,129,Satec_PM175,60229.0
2023-04-26,5,129,Satec_PM175,54853.0
2023-04-27,5,129,Satec_PM175,63902.0
2023-04-28,5,129,Satec_PM175,57691.0
2023-04-29,5,129,Satec_PM175,54176.0
2023-04-30,5,129,Satec_PM175,66119.0
2023-05-01,5,129,Satec_PM175,68382.0
2023-05-02,5,129,Satec_PM175,71861.0
2023-05-03,5,129,Satec_PM175,78196.0
2023-05-04,5,129,Satec_PM175,72915.0
2023-05-05,5,129,Satec_PM175,66273.0
2023-05-06,5,129,Satec_PM175,63068.0
2023-05-07,5,129,Satec_PM175,73026.0
2023-05-08,5,129,Satec_PM175,72549.0
2023-05-09,5,129,Satec_PM175,74925.0
2023-05-10,5,129,Satec_PM175,78346.0
2023-05-11,5,129,Satec_PM175,81263.0
2023-05-12,5,129,Satec_PM175,71246.0
2023-05-13,5,129,Satec_PM175,66454.0
2023-05-14,5,129,Satec_PM175,77528.0
2023-05-15,5,129,Satec_PM175,84349.0
2023-05-16,5,129,Satec_PM175,82694.0
2023-05-17,5,129,Satec_PM175,79401.0
2023-05-18,5,129,Satec_PM175,68580.0
2023-05-19,5,129,Satec_PM175,64622.0
2023-05-20,5,129,Satec_PM175,65336.0
2023-05-21,5,129,Satec_PM175,74335.0
2023-05-22,5,129,Satec_PM175,81685.0
2023-05-23,5,129,Satec_PM175,83653.0
2023-05-24,5,129,Satec_PM175,85671.0
2023-05-25,5,129,Satec_PM175,75524.0
2023-05-26,5,129,Satec_PM175,68510.0
2023-05-27,5,129,Satec_PM175,68299.0
2023-05-28,5,129,Satec_PM175,86210.0
2023-05-29,5,129,Satec_PM175,87212.0
2023-05-30,5,129,Satec_PM175,85480.0
2023-05-31,5,129,Satec_PM175,85499.0
2023-06-01,5,129,Satec_PM175,83498.0
2023-06-02,5,129,Satec_PM175,61169.0
2023-06-03,5,129,Satec_PM175,67272.0
2023-06-04,5,129,Satec_PM175,85758.0
2023-06-05,5,129,Satec_PM175,85963.0
2023-06-06,5,129,Satec_PM175,89197.0
2023-06-07,5,129,Satec_PM175,94978.0
2023-06-08,5,129,Satec_PM175,92877.0
2023-06-09,5,129,Satec_PM175,81197.0
2023-06-10,5,129,Satec_PM175,78571.0
2023-06-11,5,129,Satec_PM175,92215.0
2023-06-12,5,129,Satec_PM175,92032.0
2023-06-13,5,129,Satec_PM175,94360.0
2023-06-14,5,129,Satec_PM175,94138.0
2023-06-15,5,129,Satec_PM175,92994.0
2023-06-16,5,129,Satec_PM175,81696.0
2023-06-17,5,129,Satec_PM175,80017.0
2023-06-18,5,129,Satec_PM175,92443.0
2023-06-19,5,129,Satec_PM175,89433.0
2023-06-20,5,129,Satec_PM175,91703.0
2023-06-21,5,129,Satec_PM175,94562.0
2023-06-22,5,129,Satec_PM175,93713.0
2023-06-23,5,129,Satec_PM175,86263.0
2023-06-24,5,129,Satec_PM175,85747.0
2023-06-25,5,129,Satec_PM175,96484.0
2023-06-26,5,129,Satec_PM175,93739.0
2023-06-27,5,129,Satec_PM175,95119.0
2023-06-28,5,129,Satec_PM175,96907.0
2023-06-29,5,129,Satec_PM175,96478.0
2023-06-30,5,129,Satec_PM175,85795.0
2023-07-01,5,129,Satec_PM175,86790.0
2023-07-02,5,129,Satec_PM175,96809.0
2023-07-03,5,129,Satec_PM175,100770.0
2023-07-04,5,129,Satec_PM175,101094.0
2023-07-05,5,129,Satec_PM175,101853.0
2023-07-06,5,129,Satec_PM175,99117.0
2023-07-07,5,129,Satec_PM175,88869.0
2023-07-08,5,129,Satec_PM175,88693.0
2023-07-09,5,129,Satec_PM175,105506.0
2023-07-10,5,129,Satec_PM175,108932.0
2023-07-11,5,129,Satec_PM175,107334.0
2023-07-12,5,129,Satec_PM175,108018.0
2023-07-13,5,129,Satec_PM175,108358.0
2023-07-14,5,129,Satec_PM175,95236.0
2023-07-15,5,129,Satec_PM175,95062.0
2023-07-16,5,129,Satec_PM175,113636.0
2023-07-17,5,129,Satec_PM175,117240.0
2023-07-18,5,129,Satec_PM175,113917.0
2023-07-19,5,129,Satec_PM175,114051.0
2023-07-20,5,129,Satec_PM175,112565.0
2023-07-21,5,129,Satec_PM175,96301.0
2023-07-22,5,129,Satec_PM175,98773.0
2023-07-23,5,129,Satec_PM175,118697.0
2023-07-24,5,129,Satec_PM175,121982.0
2023-07-25,5,129,Satec_PM175,124603.0
2023-07-26,5,129,Satec_PM175,124116.0
2023-07-27,5,129,Satec_PM175,112502.0
2023-07-28,5,129,Satec_PM175,97534.0
2023-07-29,5,129,Satec_PM175,99308.0
2023-07-30,5,129,Satec_PM175,110581.0
2023-07-31,5,129,Satec_PM175,116192.0
2023-08-01,5,129,Satec_PM175,117645.0
2023-08-02,5,129,Satec_PM175,113993.0
2023-08-03,5,129,Satec_PM175,109263.0
2023-08-04,5,129,Satec_PM175,102195.0
2023-08-05,5,129,Satec_PM175,102735.0
2023-08-06,5,129,Satec_PM175,113174.0
2023-08-07,5,129,Satec_PM175,114638.0
2023-08-08,5,129,Satec_PM175,109739.0
2023-08-09,5,129,Satec_PM175,110612.0
2023-08-10,5,129,Satec_PM175,111763.0
2023-08-11,5,129,Satec_PM175,96671.0
2023-08-12,5,129,Satec_PM175,103865.0
2023-08-13,5,129,Satec_PM175,127238.0
2023-08-14,5,129,Satec_PM175,127962.0
2023-08-15,5,129,Satec_PM175,122290.0
2023-08-16,5,129,Satec_PM175,120372.0
2023-08-17,5,129,Satec_PM175,119893.0
2023-08-18,5,129,Satec_PM175,101813.0
2023-08-19,5,129,Satec_PM175,101237.0
2023-08-20,5,129,Satec_PM175,111259.0
2023-08-21,5,129,Satec_PM175,107159.0
2023-08-22,5,129,Satec_PM175,109135.0
2023-08-23,5,129,Satec_PM175,110150.0
2023-08-24,5,129,Satec_PM175,107518.0
2023-08-25,5,129,Satec_PM175,98124.0
2023-08-26,5,129,Satec_PM175,97555.0
2023-08-27,5,129,Satec_PM175,108402.0
2023-08-28,5,129,Satec_PM175,110536.0
2023-08-29,5,129,Satec_PM175,111857.0
2023-08-30,5,129,Satec_PM175,113075.0
2023-08-31,5,129,Satec_PM175,112711.0
2023-09-01,5,129,Satec_PM175,96364.0
2023-09-02,5,129,Satec_PM175,93275.0
2023-09-03,5,129,Satec_PM175,107579.0
2023-09-04,5,129,Satec_PM175,110866.0
2023-09-05,5,129,Satec_PM175,111235.0
2023-09-06,5,129,Satec_PM175,111644.0
2023-09-07,5,129,Satec_PM175,108693.0
2023-09-08,5,129,Satec_PM175,96220.0
2023-09-09,5,129,Satec_PM175,98167.0
2023-09-10,5,129,Satec_PM175,111028.0
2023-09-11,5,129,Satec_PM175,108106.0
2023-09-12,5,129,Satec_PM175,106649.0
2023-09-13,5,129,Satec_PM175,108915.0
2023-09-14,5,129,Satec_PM175,103672.0
2023-09-15,5,129,Satec_PM175,84099.0
2023-09-16,5,129,Satec_PM175,78827.0
2023-09-17,5,129,Satec_PM175,85219.0
2023-09-18,5,129,Satec_PM175,104145.0
2023-09-19,5,129,Satec_PM175,99968.0
2023-09-20,5,129,Satec_PM175,101239.0
2023-09-21,5,129,Satec_PM175,102444.0
2023-09-22,5,129,Satec_PM175,93474.0
2023-09-23,5,129,Satec_PM175,93697.0
2023-09-24,5,129,Satec_PM175,93172.0
2023-09-25,5,129,Satec_PM175,91259.0
2023-09-26,5,129,Satec_PM175,104964.0
2023-09-27,5,129,Satec_PM175,103324.0
2023-09-28,5,129,Satec_PM175,106982.0
2023-09-29,5,129,Satec_PM175,97554.0
2023-09-30,5,129,Satec_PM175,89380.0
2023-10-01,5,129,Satec_PM175,100757.0
2023-10-02,5,129,Satec_PM175,98580.0
2023-10-03,5,129,Satec_PM175,98148.0
2023-10-04,5,129,Satec_PM175,98695.0
2023-10-05,5,129,Satec_PM175,97062.0
2023-10-06,5,129,Satec_PM175,85844.0
2023-10-07,5,129,Satec_PM175,73244.0
2023-10-08,5,129,Satec_PM175,95483.0
2023-10-09,5,129,Satec_PM175,96462.0
2023-10-10,5,129,Satec_PM175,96422.0
2023-10-11,5,129,Satec_PM175,91145.0
2023-10-12,5,129,Satec_PM175,92259.0
2023-10-13,5,129,Satec_PM175,80847.0
2023-10-14,5,129,Satec_PM175,80228.0
2023-10-15,5,129,Satec_PM175,88939.0
2023-10-16,5,129,Satec_PM175,86754.0
2023-10-17,5,129,Satec_PM175,85807.0
2023-10-18,5,129,Satec_PM175,83511.0
2023-10-19,5,129,Satec_PM175,87590.0
2023-10-20,5,129,Satec_PM175,77726.0
2023-10-21,5,129,Satec_PM175,74551.0
2023-10-22,5,129,Satec_PM175,90354.0
2023-10-23,5,129,Satec_PM175,90571.0
2023-10-24,5,129,Satec_PM175,99214.0
2023-10-25,5,129,Satec_PM175,93695.0
2023-10-26,5,129,Satec_PM175,91513.0
2023-10-27,5,129,Satec_PM175,79307.0
2023-10-28,5,129,Satec_PM175,83823.0
2023-10-29,5,129,Satec_PM175,89689.0
2023-10-30,5,129,Satec_PM175,88192.0
2023-10-31,5,129,Satec_PM175,86478.0
2023-11-01,5,129,Satec_PM175,91808.0
2023-11-02,5,129,Satec_PM175,92619.0
2023-11-03,5,129,Satec_PM175,78539.0
2023-11-04,5,129,Satec_PM175,75668.0
2023-11-05,5,129,Satec_PM175,85516.0
2023-11-06,5,129,Satec_PM175,87800.0
2023-11-07,5,129,Satec_PM175,87162.0
2023-11-08,5,129,Satec_PM175,84937.0
2023-11-09,5,129,Satec_PM175,83209.0
2023-11-10,5,129,Satec_PM175,74044.0
2023-11-11,5,129,Satec_PM175,71033.0
2023-11-12,5,129,Satec_PM175,75618.0
2023-11-13,5,129,Satec_PM175,85991.0
2023-11-14,5,129,Satec_PM175,85343.0
2023-11-15,5,129,Satec_PM175,78469.0
2023-11-16,5,129,Satec_PM175,80086.0
2023-11-17,5,129,Satec_PM175,74655.0
2023-11-18,5,129,Satec_PM175,71473.0
2023-11-19,5,129,Satec_PM175,73002.0
2023-11-20,5,129,Satec_PM175,69432.0
2023-11-21,5,129,Satec_PM175,70047.0
2023-11-22,5,129,Satec_PM175,64519.0
2023-11-23,5,129,Satec_PM175,65001.0
2023-11-24,5,129,Satec_PM175,57737.0
2023-11-25,5,129,Satec_PM175,58763.0
2023-11-26,5,129,Satec_PM175,70707.0
2023-11-27,5,129,Satec_PM175,70047.0
2023-11-28,5,129,Satec_PM175,67213.0
2023-11-29,5,129,Satec_PM175,65871.0
2023-11-30,5,129,Satec_PM175,68671.0
2023-12-01,5,129,Satec_PM175,64627.0
2023-12-02,5,129,Satec_PM175,61957.0
2023-12-03,5,129,Satec_PM175,69783.0
2023-12-04,5,129,Satec_PM175,74050.0
2023-12-05,5,129,Satec_PM175,77572.0
2023-12-06,5,129,Satec_PM175,79404.0
2023-12-07,5,129,Satec_PM175,81029.0
2023-12-08,5,129,Satec_PM175,70538.0
2023-12-09,5,129,Satec_PM175,66401.0
2023-12-10,5,129,Satec_PM175,72924.0
2023-12-11,5,129,Satec_PM175,76165.0
2023-12-12,5,129,Satec_PM175,74801.0
2023-12-13,5,129,Satec_PM175,75494.0
2023-12-14,5,129,Satec_PM175,73459.0
2023-12-15,5,129,Satec_PM175,63936.0
2023-12-16,5,129,Satec_PM175,60091.0
2023-12-17,5,129,Satec_PM175,70623.0
2023-12-18,5,129,Satec_PM175,68959.0
2023-12-19,5,129,Satec_PM175,65336.0
2023-12-20,5,129,Satec_PM175,64512.0
2023-12-21,5,129,Satec_PM175,65031.0
2023-12-22,5,129,Satec_PM175,61828.0
2023-12-23,5,129,Satec_PM175,61745.0
2023-12-24,5,129,Satec_PM175,70357.0
2023-12-25,5,129,Satec_PM175,69081.0
2023-12-26,5,129,Satec_PM175,70005.0
2023-12-27,5,129,Satec_PM175,68716.0
2023-12-28,5,129,Satec_PM175,71449.0
2023-12-29,5,129,Satec_PM175,60371.0
2023-12-30,5,129,Satec_PM175,58735.0
2023-12-31,5,129,Satec_PM175,66430.0
2024-01-01,5,129,Satec_PM175,66667.0
2024-01-02,5,129,Satec_PM175,67663.0
2024-01-03,5,129,Satec_PM175,72536.0
2024-01-04,5,129,Satec_PM175,72581.0
2024-01-05,5,129,Satec_PM175,63949.0
2024-01-06,5,129,Satec_PM175,64532.0
2024-01-07,5,129,Satec_PM175,67849.0
2024-01-08,5,129,Satec_PM175,68758.0
2024-01-09,5,129,Satec_PM175,69637.0
2024-01-10,5,129,Satec_PM175,68419.0
2024-01-11,5,129,Satec_PM175,69710.0
2024-01-12,5,129,Satec_PM175,61900.0
2024-01-13,5,129,Satec_PM175,58191.0
2024-01-14,5,129,Satec_PM175,69743.0
2024-01-15,5,129,Satec_PM175,69172.0
2024-01-16,5,129,Satec_PM175,67306.0
2024-01-17,5,129,Satec_PM175,68642.0
2024-01-18,5,129,Satec_PM175,69665.0
2024-01-19,5,129,Satec_PM175,61715.0
2024-01-20,5,129,Satec_PM175,61053.0
2024-01-21,5,129,Satec_PM175,68219.0
2024-01-22,5,129,Satec_PM175,71678.0
2024-01-23,5,129,Satec_PM175,75005.0
2024-01-24,5,129,Satec_PM175,70371.0
2024-01-25,5,129,Satec_PM175,68596.0
2024-01-26,5,129,Satec_PM175,59206.0
2024-01-27,5,129,Satec_PM175,54442.0
2024-01-28,5,129,Satec_PM175,65894.0
2024-01-29,5,129,Satec_PM175,66594.0
2024-01-30,5,129,Satec_PM175,65807.0
2024-01-31,5,129,Satec_PM175,65685.0
2024-02-01,5,129,Satec_PM175,64706.0
2024-02-02,5,129,Satec_PM175,56826.0
2024-02-03,5,129,Satec_PM175,57828.0
2024-02-04,5,129,Satec_PM175,69923.0
2024-02-05,5,129,Satec_PM175,71991.0
2024-02-06,5,129,Satec_PM175,68268.0
2024-02-07,5,129,Satec_PM175,72822.0
2024-02-08,5,129,Satec_PM175,69437.0
2024-02-09,5,129,Satec_PM175,59673.0
2024-02-10,5,129,Satec_PM175,58493.0
2024-02-11,5,129,Satec_PM175,66814.0
2024-02-12,5,129,Satec_PM175,67236.0
2024-02-13,5,129,Satec_PM175,69157.0
2024-02-14,5,129,Satec_PM175,70416.0
2024-02-15,5,129,Satec_PM175,69411.0
2024-02-16,5,129,Satec_PM175,58656.0
2024-02-17,5,129,Satec_PM175,58905.0
2024-02-18,5,129,Satec_PM175,69951.0
2024-02-19,5,129,Satec_PM175,69526.0
2024-02-20,5,129,Satec_PM175,68567.0
2024-02-21,5,129,Satec_PM175,68188.0
2024-02-22,5,129,Satec_PM175,67726.0
2024-02-23,5,129,Satec_PM175,59414.0
2024-02-24,5,129,Satec_PM175,60999.0
2024-02-25,5,129,Satec_PM175,70780.0
2024-02-26,5,129,Satec_PM175,71271.0
2024-02-27,5,129,Satec_PM175,60787.0
2024-02-28,5,129,Satec_PM175,64432.0
2024-02-29,5,129,Satec_PM175,62861.0
2024-03-01,5,129,Satec_PM175,53564.0
2024-03-02,5,129,Satec_PM175,55237.0
2024-03-03,5,129,Satec_PM175,69174.0
2024-03-04,5,129,Satec_PM175,70958.0
2024-03-05,5,129,Satec_PM175,68052.0
2024-03-06,5,129,Satec_PM175,68707.0
2024-03-07,5,129,Satec_PM175,67481.0
2024-03-08,5,129,Satec_PM175,53584.0
2024-03-09,5,129,Satec_PM175,51226.0
2024-03-10,5,129,Satec_PM175,61138.0
2024-03-11,5,129,Satec_PM175,62307.0
2024-03-12,5,129,Satec_PM175,68036.0
2024-03-13,5,129,Satec_PM175,71246.0
2024-03-14,5,129,Satec_PM175,71599.0
2024-03-15,5,129,Satec_PM175,61395.0
2024-03-16,5,129,Satec_PM175,58181.0
2024-03-17,5,129,Satec_PM175,67253.0
2024-03-18,5,129,Satec_PM175,72765.0
2024-03-19,5,129,Satec_PM175,71394.0
2024-03-20,5,129,Satec_PM175,72575.0
2024-03-21,5,129,Satec_PM175,70132.0
2024-03-22,5,129,Satec_PM175,56464.0
2024-03-23,5,129,Satec_PM175,54603.0
2024-03-24,5,129,Satec_PM175,62756.0
2024-03-25,5,129,Satec_PM175,67160.0
2024-03-26,5,129,Satec_PM175,34342.0
2024-03-28,5,129,Satec_PM175,42708.0
2024-03-29,5,129,Satec_PM175,66617.0
2024-03-30,5,129,Satec_PM175,68425.0
2024-03-31,5,129,Satec_PM175,79896.0
2024-04-01,5,129,Satec_PM175,76000.0
2024-04-02,5,129,Satec_PM175,79134.0
2024-04-03,5,129,Satec_PM175,81675.0
2024-04-04,5,129,Satec_PM175,79343.0
2024-04-05,5,129,Satec_PM175,68043.0
2024-04-06,5,129,Satec_PM175,65944.0
2024-04-07,5,129,Satec_PM175,76162.0
2024-04-08,5,129,Satec_PM175,76707.0
2024-04-09,5,129,Satec_PM175,75775.0
2024-04-10,5,129,Satec_PM175,77135.0
2024-04-11,5,129,Satec_PM175,77524.0
2024-04-12,5,129,Satec_PM175,66883.0
2024-04-13,5,129,Satec_PM175,67713.0
2024-04-14,5,129,Satec_PM175,76082.0
2024-04-15,5,129,Satec_PM175,79305.0
2024-04-16,5,129,Satec_PM175,81243.0
2024-04-17,5,129,Satec_PM175,80428.0
2024-04-18,5,129,Satec_PM175,78153.0
2024-04-19,5,129,Satec_PM175,67889.0
2024-04-20,5,129,Satec_PM175,67041.0
2024-04-21,5,129,Satec_PM175,72757.0
2024-04-22,5,129,Satec_PM175,61862.0
2024-04-23,5,129,Satec_PM175,65198.0
2024-04-24,5,129,Satec_PM175,76930.0
2024-04-25,5,129,Satec_PM175,80635.0
2024-04-26,5,129,Satec_PM175,67414.0
2024-04-27,5,129,Satec_PM175,66747.0
2024-04-28,5,129,Satec_PM175,67328.0
2024-04-29,5,129,Satec_PM175,66635.0
2024-04-30,5,129,Satec_PM175,78853.0
2024-05-01,5,129,Satec_PM175,82812.0
2024-05-02,5,129,Satec_PM175,79717.0
2024-05-03,5,129,Satec_PM175,44563.0
2024-05-04,5,129,Satec_PM175,62147.0
2024-05-05,5,129,Satec_PM175,71418.0
2024-05-06,5,129,Satec_PM175,73318.0
2024-05-07,5,129,Satec_PM175,73631.0
2024-05-08,5,129,Satec_PM175,73561.0
2024-05-09,5,129,Satec_PM175,78626.0
2024-05-10,5,129,Satec_PM175,71075.0
2024-05-11,5,129,Satec_PM175,68164.0
2024-05-12,5,129,Satec_PM175,78358.0
2024-05-13,5,129,Satec_PM175,67968.0
2024-05-14,5,129,Satec_PM175,65169.0
2024-05-15,5,129,Satec_PM175,77012.0
2024-05-16,5,129,Satec_PM175,79552.0
2024-05-17,5,129,Satec_PM175,71183.0
2024-05-18,5,129,Satec_PM175,69510.0
2024-05-19,5,129,Satec_PM175,83152.0
2024-05-20,5,129,Satec_PM175,85045.0
2024-05-21,5,129,Satec_PM175,90268.0
2024-05-22,5,129,Satec_PM175,91084.0
2024-05-23,5,129,Satec_PM175,91759.0
2024-05-24,5,129,Satec_PM175,73970.0
2024-05-25,5,129,Satec_PM175,72880.0
2024-05-26,5,129,Satec_PM175,83658.0
2024-05-27,5,129,Satec_PM175,87029.0
2024-05-28,5,129,Satec_PM175,84927.0
2024-05-29,5,129,Satec_PM175,83254.0
2024-05-30,5,129,Satec_PM175,82732.0
2024-05-31,5,129,Satec_PM175,71306.0
2024-06-01,5,129,Satec_PM175,74017.0
2024-06-02,5,129,Satec_PM175,94086.0
2024-06-03,5,129,Satec_PM175,99210.0
2024-06-04,5,129,Satec_PM175,98999.0
2024-06-05,5,129,Satec_PM175,100589.0
2024-06-06,5,129,Satec_PM175,103832.0
2024-06-07,5,129,Satec_PM175,88432.0
2024-06-08,5,129,Satec_PM175,87683.0
2024-06-09,5,129,Satec_PM175,100404.0
2024-06-10,5,129,Satec_PM175,102925.0
2024-06-11,5,129,Satec_PM175,91898.0
2024-06-12,5,129,Satec_PM175,90428.0
2024-06-13,5,129,Satec_PM175,108571.0
2024-06-14,5,129,Satec_PM175,99841.0
2024-06-15,5,129,Satec_PM175,98841.0
2024-06-16,5,129,Satec_PM175,104126.0
2024-06-17,5,129,Satec_PM175,100091.0
2024-06-18,5,129,Satec_PM175,99548.0
2024-06-19,5,129,Satec_PM175,105659.0
2024-06-20,5,129,Satec_PM175,106862.0
2024-06-21,5,129,Satec_PM175,92868.0
2024-06-22,5,129,Satec_PM175,89581.0
2024-06-23,5,129,Satec_PM175,105819.0
2024-06-24,5,129,Satec_PM175,109144.0
2024-06-25,5,129,Satec_PM175,106980.0
2024-06-26,5,129,Satec_PM175,107471.0
2024-06-27,5,129,Satec_PM175,101397.0
2024-06-28,5,129,Satec_PM175,96257.0
2024-06-29,5,129,Satec_PM175,94075.0
2024-06-30,5,129,Satec_PM175,104295.0
2024-07-01,5,129,Satec_PM175,107428.0
2024-07-02,5,129,Satec_PM175,110272.0
2024-07-03,5,129,Satec_PM175,105642.0
2024-07-04,5,129,Satec_PM175,103364.0
2024-07-05,5,129,Satec_PM175,92719.0
2024-07-06,5,129,Satec_PM175,89023.0
2024-07-07,5,129,Satec_PM175,107272.0
2024-07-08,5,129,Satec_PM175,112707.0
2024-07-09,5,129,Satec_PM175,113861.0
2024-07-10,5,129,Satec_PM175,117204.0
2024-07-11,5,129,Satec_PM175,111654.0
2024-07-12,5,129,Satec_PM175,100376.0
2024-07-13,5,129,Satec_PM175,99785.0
2024-07-14,5,129,Satec_PM175,110098.0
2024-07-15,5,129,Satec_PM175,115251.0
2024-07-16,5,129,Satec_PM175,115440.0
2024-07-17,5,129,Satec_PM175,113660.0
2024-07-18,5,129,Satec_PM175,113838.0
2024-07-19,5,129,Satec_PM175,101241.0
2024-07-20,5,129,Satec_PM175,101003.0
2024-07-21,5,129,Satec_PM175,116863.0
2024-07-22,5,129,Satec_PM175,122273.0
2024-07-23,5,129,Satec_PM175,116218.0
2024-07-24,5,129,Satec_PM175,116299.0
2024-07-25,5,129,Satec_PM175,115689.0
2024-07-26,5,129,Satec_PM175,97332.0
2024-07-27,5,129,Satec_PM175,98751.0
2024-07-28,5,129,Satec_PM175,118037.0
2024-07-29,5,129,Satec_PM175,116983.0
2024-07-30,5,129,Satec_PM175,117561.0
2024-07-31,5,129,Satec_PM175,115767.0
2024-08-01,5,129,Satec_PM175,110462.0
2024-08-02,5,129,Satec_PM175,98981.0
2024-08-03,5,129,Satec_PM175,95698.0
2024-08-04,5,129,Satec_PM175,100526.0
2024-08-05,5,129,Satec_PM175,109626.0
2024-08-06,5,129,Satec_PM175,109496.0
2024-08-07,5,129,Satec_PM175,109723.0
2024-08-08,5,129,Satec_PM175,110483.0
2024-08-09,5,129,Satec_PM175,96411.0
2024-08-10,5,129,Satec_PM175,93792.0
2024-08-11,5,129,Satec_PM175,110077.0
2024-08-12,5,129,Satec_PM175,115742.0
2024-08-13,5,129,Satec_PM175,113966.0
2024-08-14,5,129,Satec_PM175,111870.0
2024-08-15,5,129,Satec_PM175,110340.0
2024-08-16,5,129,Satec_PM175,97989.0
2024-08-17,5,129,Satec_PM175,97989.0
2024-08-18,5,129,Satec_PM175,114689.0
2024-08-19,5,129,Satec_PM175,116637.0
2024-08-20,5,129,Satec_PM175,111800.0
2024-08-21,5,129,Satec_PM175,116749.0
2024-08-22,5,129,Satec_PM175,119479.0
2024-08-23,5,129,Satec_PM175,99697.0
2024-08-24,5,129,Satec_PM175,97752.0
2024-08-25,5,129,Satec_PM175,115569.0
2024-08-26,5,129,Satec_PM175,120208.0
2024-08-27,5,129,Satec_PM175,115434.0
2024-08-28,5,129,Satec_PM175,107826.0
2024-08-29,5,129,Satec_PM175,108370.0
2024-08-30,5,129,Satec_PM175,96163.0
2024-08-31,5,129,Satec_PM175,95397.0
2024-09-01,5,129,Satec_PM175,105766.0
2024-09-02,5,129,Satec_PM175,106096.0
2024-09-03,5,129,Satec_PM175,106069.0
2024-09-04,5,129,Satec_PM175,106500.0
2024-09-05,5,129,Satec_PM175,106757.0
2024-09-06,5,129,Satec_PM175,96964.0
2024-09-07,5,129,Satec_PM175,96585.0
2024-09-08,5,129,Satec_PM175,112241.0
2024-09-09,5,129,Satec_PM175,114519.0
2024-09-10,5,129,Satec_PM175,110923.0
2024-09-11,5,129,Satec_PM175,105452.0
2024-09-12,5,129,Satec_PM175,111722.0
2024-09-13,5,129,Satec_PM175,100485.0
2024-09-14,5,129,Satec_PM175,92717.0
2024-09-15,5,129,Satec_PM175,108479.0
2024-09-16,5,129,Satec_PM175,100363.0
2024-09-17,5,129,Satec_PM175,100010.0
2024-09-18,5,129,Satec_PM175,98290.0
2024-09-19,5,129,Satec_PM175,100156.0
2024-09-20,5,129,Satec_PM175,95161.0
2024-09-21,5,129,Satec_PM175,89529.0
2024-09-22,5,129,Satec_PM175,97746.0
2024-09-23,5,129,Satec_PM175,96728.0
2024-09-24,5,129,Satec_PM175,98292.0
2024-09-25,5,129,Satec_PM175,104095.0
2024-09-26,5,129,Satec_PM175,103063.0
2024-09-27,5,129,Satec_PM175,90216.0
2024-09-28,5,129,Satec_PM175,91621.0
2024-09-29,5,129,Satec_PM175,101640.0
2024-09-30,5,129,Satec_PM175,96855.0
2024-10-01,5,129,Satec_PM175,91908.0
2024-10-02,5,129,Satec_PM175,75944.0
2024-10-03,5,129,Satec_PM175,72760.0
2024-10-04,5,129,Satec_PM175,79876.0
2024-10-05,5,129,Satec_PM175,86482.0
2024-10-06,5,129,Satec_PM175,101046.0
2024-10-07,5,129,Satec_PM175,100032.0
2024-10-08,5,129,Satec_PM175,101761.0
2024-10-09,5,129,Satec_PM175,102543.0
2024-10-10,5,129,Satec_PM175,97667.0
2024-10-11,5,129,Satec_PM175,78634.0
2024-10-12,5,129,Satec_PM175,75933.0
2024-10-13,5,129,Satec_PM175,95619.0
2024-10-14,5,129,Satec_PM175,94498.0
2024-10-15,5,129,Satec_PM175,92031.0
2024-10-16,5,129,Satec_PM175,75923.0
2024-10-17,5,129,Satec_PM175,73663.0
2024-10-18,5,129,Satec_PM175,67966.0
2024-10-19,5,129,Satec_PM175,60470.0
2024-10-20,5,129,Satec_PM175,70178.0
2024-10-21,5,129,Satec_PM175,70795.0
2024-10-22,5,129,Satec_PM175,66293.0
2024-10-23,5,129,Satec_PM175,55301.0
2024-10-24,5,129,Satec_PM175,52907.0
2024-10-25,5,129,Satec_PM175,55908.0
2024-10-26,5,129,Satec_PM175,58540.0
2024-10-27,5,129,Satec_PM175,69613.0
2024-10-28,5,129,Satec_PM175,74098.0
2024-10-29,5,129,Satec_PM175,74808.0
2024-10-30,5,129,Satec_PM175,75133.0
2024-10-31,5,129,Satec_PM175,77409.0
2024-11-01,5,129,Satec_PM175,66422.0
2024-11-02,5,129,Satec_PM175,67584.0
2024-11-03,5,129,Satec_PM175,75325.0
2024-11-04,5,129,Satec_PM175,74942.0
2024-11-05,5,129,Satec_PM175,76135.0
2024-11-06,5,129,Satec_PM175,73696.0
2024-11-07,5,129,Satec_PM175,78008.0
2024-11-08,5,129,Satec_PM175,70240.0
2024-11-09,5,129,Satec_PM175,66795.0
2024-11-10,5,129,Satec_PM175,74378.0
2024-11-11,5,129,Satec_PM175,74472.0
2024-11-12,5,129,Satec_PM175,75057.0
2024-11-13,5,129,Satec_PM175,75550.0
2024-11-14,5,129,Satec_PM175,73167.0
2024-11-15,5,129,Satec_PM175,64192.0
2024-11-16,5,129,Satec_PM175,63490.0
2024-11-17,5,129,Satec_PM175,70789.0
2024-11-18,5,129,Satec_PM175,71072.0
2024-11-19,5,129,Satec_PM175,72005.0
2024-11-20,5,129,Satec_PM175,70611.0
2024-11-21,5,129,Satec_PM175,71409.0
2024-11-22,5,129,Satec_PM175,61239.0
2024-11-23,5,129,Satec_PM175,56938.0
2024-11-24,5,129,Satec_PM175,68011.0
2024-11-25,5,129,Satec_PM175,62942.0
2024-11-26,5,129,Satec_PM175,63492.0
2024-11-27,5,129,Satec_PM175,63459.0
2024-11-28,5,129,Satec_PM175,64112.0
2024-11-29,5,129,Satec_PM175,55807.0
2024-11-30,5,129,Satec_PM175,51070.0
2024-12-01,5,129,Satec_PM175,62911.0
2024-12-02,5,129,Satec_PM175,64173.0
2024-12-03,5,129,Satec_PM175,62842.0
2024-12-04,5,129,Satec_PM175,64278.0
2024-12-05,5,129,Satec_PM175,65255.0
2024-12-06,5,129,Satec_PM175,54643.0
2024-12-07,5,129,Satec_PM175,53268.0
2024-12-08,5,129,Satec_PM175,65797.0
2024-12-09,5,129,Satec_PM175,68588.0
2024-12-10,5,129,Satec_PM175,65272.0
2024-12-11,5,129,Satec_PM175,66260.0
2024-12-12,5,129,Satec_PM175,71068.0
2024-12-13,5,129,Satec_PM175,56847.0
2024-12-14,5,129,Satec_PM175,50910.0
2024-12-15,5,129,Satec_PM175,63283.0
2024-12-16,5,129,Satec_PM175,64520.0
2024-12-17,5,129,Satec_PM175,65220.0
2024-12-18,5,129,Satec_PM175,64831.0
2024-12-19,5,129,Satec_PM175,63613.0
2024-12-20,5,129,Satec_PM175,53518.0
2024-12-21,5,129,Satec_PM175,53441.0
2024-12-22,5,129,Satec_PM175,69280.0
2024-12-23,5,129,Satec_PM175,67176.0
2024-12-24,5,129,Satec_PM175,66675.0
2024-12-25,5,129,Satec_PM175,63443.0
2024-12-26,5,129,Satec_PM175,62845.0
2024-12-27,5,129,Satec_PM175,52539.0
2024-12-28,5,129,Satec_PM175,52501.0
2024-12-29,5,129,Satec_PM175,63029.0
2024-12-30,5,129,Satec_PM175,65070.0
2024-12-31,5,129,Satec_PM175,64215.0
2025-01-01,5,129,Satec_PM175,61804.0
2025-01-02,5,129,Satec_PM175,62826.0
2025-01-03,5,129,Satec_PM175,53808.0
2025-01-04,5,129,Satec_PM175,52389.0
2025-01-05,5,129,Satec_PM175,64568.0
2025-01-06,5,129,Satec_PM175,64525.0
2025-01-07,5,129,Satec_PM175,64316.0
2025-01-08,5,129,Satec_PM175,63868.0
2025-01-09,5,129,Satec_PM175,63256.0
2025-01-10,5,129,Satec_PM175,54602.0
2025-01-11,5,129,Satec_PM175,53809.0
2025-01-12,5,129,Satec_PM175,64807.0
2025-01-13,5,129,Satec_PM175,64040.0
2025-01-14,5,129,Satec_PM175,64789.0
2025-01-15,5,129,Satec_PM175,66386.0
2025-01-16,5,129,Satec_PM175,68644.0
2025-01-17,5,129,Satec_PM175,56948.0
2025-01-18,5,129,Satec_PM175,53074.0
2025-01-19,5,129,Satec_PM175,62901.0
2025-01-20,5,129,Satec_PM175,64513.0
2025-01-21,5,129,Satec_PM175,64124.0
2025-01-22,5,129,Satec_PM175,64269.0
2025-01-23,5,129,Satec_PM175,64420.0
2025-01-24,5,129,Satec_PM175,55526.0
2025-01-25,5,129,Satec_PM175,52267.0
2025-01-26,5,129,Satec_PM175,50474.0
2025-01-27,5,129,Satec_PM175,54944.0
2025-01-28,5,129,Satec_PM175,64476.0
2025-01-29,5,129,Satec_PM175,63622.0
2025-01-30,5,129,Satec_PM175,63904.0
2025-01-31,5,129,Satec_PM175,54746.0
2025-02-01,5,129,Satec_PM175,52655.0
2025-02-02,5,129,Satec_PM175,63473.0
2025-02-03,5,129,Satec_PM175,64467.0
2025-02-04,5,129,Satec_PM175,63466.0
2025-02-05,5,129,Satec_PM175,63483.0
2025-02-06,5,129,Satec_PM175,62821.0
2025-02-07,5,129,Satec_PM175,52073.0
2025-02-08,5,129,Satec_PM175,51155.0
2025-02-09,5,129,Satec_PM175,61720.0
2025-02-10,5,129,Satec_PM175,61319.0
2025-02-11,5,129,Satec_PM175,61985.0
2025-02-12,5,129,Satec_PM175,60263.0
2025-02-13,5,129,Satec_PM175,62160.0
2025-02-14,5,129,Satec_PM175,55340.0
2025-02-15,5,129,Satec_PM175,54388.0
2025-02-16,5,129,Satec_PM175,62092.0
2025-02-17,5,129,Satec_PM175,63695.0
2025-02-18,5,129,Satec_PM175,62368.0
2025-02-19,5,129,Satec_PM175,64068.0
2025-02-20,5,129,Satec_PM175,63790.0
2025-02-21,5,129,Satec_PM175,54149.0
2025-02-22,5,129,Satec_PM175,50167.0
2025-02-23,5,129,Satec_PM175,63300.0
2025-02-24,5,129,Satec_PM175,66161.0
2025-02-25,5,129,Satec_PM175,65735.0
2025-02-26,5,129,Satec_PM175,64049.0
2025-02-27,5,129,Satec_PM175,63394.0
2025-02-28,5,129,Satec_PM175,54109.0
2025-03-01,5,129,Satec_PM175,51298.0
2025-03-02,5,129,Satec_PM175,59151.0
2025-03-03,5,129,Satec_PM175,63943.0
2025-03-04,5,129,Satec_PM175,65532.0
2025-03-05,5,129,Satec_PM175,63725.0
2025-03-06,5,129,Satec_PM175,64189.0
2025-03-07,5,129,Satec_PM175,54830.0
2025-03-08,5,129,Satec_PM175,54250.0
2025-03-09,5,129,Satec_PM175,66332.0
2025-03-10,5,129,Satec_PM175,67910.0
2025-03-11,5,129,Satec_PM175,69301.0
2025-03-12,5,129,Satec_PM175,68576.0
2025-03-13,5,129,Satec_PM175,66905.0
2025-03-14,5,129,Satec_PM175,59766.0
2025-03-15,5,129,Satec_PM175,60698.0
2025-03-16,5,129,Satec_PM175,68961.0
2025-03-17,5,129,Satec_PM175,71150.0
2025-03-18,5,129,Satec_PM175,73431.0
2025-03-19,5,129,Satec_PM175,66546.0
2025-03-20,5,129,Satec_PM175,61739.0
2025-03-21,5,129,Satec_PM175,50282.0
2025-03-22,5,129,Satec_PM175,49575.0
2025-03-23,5,129,Satec_PM175,61760.0
2025-03-24,5,129,Satec_PM175,63799.0
2025-03-25,5,129,Satec_PM175,67195.0
2025-03-26,5,129,Satec_PM175,69949.0
2025-03-27,5,129,Satec_PM175,71935.0
2025-03-28,5,129,Satec_PM175,63180.0
2025-03-29,5,129,Satec_PM175,59021.0
2025-03-30,5,129,Satec_PM175,64996.0
2025-03-31,5,129,Satec_PM175,67862.0
2025-04-01,5,129,Satec_PM175,73805.0
2025-04-02,5,129,Satec_PM175,68764.0
2025-04-03,5,129,Satec_PM175,65869.0
2025-04-04,5,129,Satec_PM175,57463.0
2025-04-05,5,129,Satec_PM175,55851.0
2025-04-06,5,129,Satec_PM175,68737.0
2025-04-07,5,129,Satec_PM175,74328.0
2025-04-08,5,129,Satec_PM175,72295.0
2025-04-09,5,129,Satec_PM175,72311.0
2025-04-10,5,129,Satec_PM175,63715.0
2025-04-11,5,129,Satec_PM175,52699.0
2025-04-12,5,129,Satec_PM175,51791.0
2025-04-13,5,129,Satec_PM175,53604.0
2025-04-14,5,129,Satec_PM175,61470.0
2025-04-15,5,129,Satec_PM175,63509.0
2025-04-16,5,129,Satec_PM175,65588.0
2025-04-17,5,129,Satec_PM175,68692.0
2025-04-18,5,129,Satec_PM175,60440.0
2025-04-19,5,129,Satec_PM175,62044.0
2025-04-20,5,129,Satec_PM175,72342.0
2025-04-21,5,129,Satec_PM175,72284.0
2025-04-22,5,129,Satec_PM175,76944.0
2025-04-23,5,129,Satec_PM175,79471.0
2025-04-24,5,129,Satec_PM175,77122.0
2025-04-25,5,129,Satec_PM175,61502.0
2025-04-26,5,129,Satec_PM175,60273.0
2025-04-27,5,129,Satec_PM175,71674.0
2025-04-28,5,129,Satec_PM175,74798.0
2025-04-29,5,129,Satec_PM175,69790.0
2025-04-30,5,129,Satec_PM175,66495.0
2025-05-01,5,129,Satec_PM175,62230.0
2025-05-02,5,129,Satec_PM175,60074.0
2025-05-03,5,129,Satec_PM175,60495.0
2025-05-04,5,129,Satec_PM175,73210.0
2025-05-05,5,129,Satec_PM175,73370.0
2025-05-06,5,129,Satec_PM175,73514.0
2025-05-07,5,129,Satec_PM175,74926.0
2025-05-08,5,129,Satec_PM175,77618.0
2025-05-09,5,129,Satec_PM175,70058.0
2025-05-10,5,129,Satec_PM175,70791.0
2025-05-11,5,129,Satec_PM175,77534.0
2025-05-12,5,129,Satec_PM175,77170.0
2025-05-13,5,129,Satec_PM175,72633.0
2025-05-14,5,129,Satec_PM175,77799.0
2025-05-15,5,129,Satec_PM175,75299.0
2025-05-16,5,129,Satec_PM175,64934.0
2025-05-17,5,129,Satec_PM175,70892.0
2025-05-18,5,129,Satec_PM175,87299.0
2025-05-19,5,129,Satec_PM175,79510.0
2025-05-20,5,129,Satec_PM175,14730.0