Day,SourceID,QuantityID,SourceTypeName,DailyAverage,TempAvg,TempMin,TempMax,Precip,WindSpeed,Pressure,is_holiday_full,is_holiday_half
2022-05-01,5,129,Satec_PM175,62497.0,20.2,17.2,22.0,0.0,14.0,1011.4,0,0
2022-05-02,5,129,Satec_PM175,75719.0,19.8,15.9,23.0,1.3,11.0,1011.8,0,0
2022-05-03,5,129,Satec_PM175,78533.0,25.6,19.5,36.0,0.0,17.8,1005.4,0,0
2022-05-04,5,129,Satec_PM175,68656.0,20.5,17.1,23.0,0.4,15.5,1011.0,0,1
2022-05-05,5,129,Satec_PM175,58432.0,19.1,16.1,22.0,0.1,17.1,1013.1,1,0
2022-05-06,5,129,Satec_PM175,59954.0,19.5,15.2,22.0,2.2,13.9,1011.9,0,0
2022-05-07,5,129,Satec_PM175,57711.0,18.9,14.3,23.0,0.0,12.6,1014.1,0,0
2022-05-08,5,129,Satec_PM175,69464.0,19.0,14.5,23.0,0.0,11.3,1015.8,0,0
2022-05-09,5,129,Satec_PM175,70587.0,19.6,14.1,25.0,0.0,15.2,1012.6,0,0
2022-05-10,5,129,Satec_PM175,76425.0,20.5,16.6,25.0,0.0,11.7,1013.7,0,0
2022-05-11,5,129,Satec_PM175,77719.0,20.1,16.0,26.0,0.0,10.4,1016.0,0,0
2022-05-12,5,129,Satec_PM175,76040.0,20.2,16.3,24.0,0.0,11.8,1018.3,0,0
2022-05-13,5,129,Satec_PM175,67570.0,20.2,16.1,23.0,0.0,11.8,1017.2,0,0
2022-05-14,5,129,Satec_PM175,70411.0,23.2,19.4,28.0,0.0,16.4,1011.7,0,0
2022-05-15,5,129,Satec_PM175,78838.0,22.7,16.9,25.0,0.0,13.4,1013.9,0,0
2022-05-16,5,129,Satec_PM175,80493.0,19.9,16.2,24.0,0.0,11.3,1016.9,0,0
2022-05-17,5,129,Satec_PM175,79633.0,20.8,16.8,26.0,0.0,11.0,1014.7,0,0
2022-05-18,5,129,Satec_PM175,80279.0,20.7,17.0,25.0,0.0,10.4,1013.4,0,0
2022-05-19,5,129,Satec_PM175,83047.0,21.6,17.8,27.0,0.0,10.5,1013.7,0,0
2022-05-20,5,129,Satec_PM175,74314.0,21.9,18.0,25.0,0.0,12.7,1012.7,0,0
2022-05-21,5,129,Satec_PM175,70520.0,24.9,13.0,35.0,0.2,14.5,1009.7,0,0
2022-05-22,5,129,Satec_PM175,79615.0,22.3,18.5,24.0,0.0,14.3,1010.2,0,0
2022-05-23,5,129,Satec_PM175,83801.0,21.4,18.4,25.0,0.0,14.3,1009.9,0,0
2022-05-24,5,129,Satec_PM175,84349.0,22.0,17.1,27.0,0.0,10.0,1011.6,0,0
2022-05-25,5,129,Satec_PM175,86360.0,21.8,18.2,25.0,0.0,11.4,1014.0,0,0
2022-05-26,5,129,Satec_PM175,90025.0,22.4,19.0,25.0,0.0,12.6,1013.6,0,0
2022-05-27,5,129,Satec_PM175,79992.0,22.7,20.5,25.0,0.0,12.8,1010.6,0,0
2022-05-28,5,129,Satec_PM175,70227.0,24.1,20.1,30.0,0.0,10.1,1008.7,0,0
2022-05-29,5,129,Satec_PM175,91878.0,24.4,20.1,31.0,0.0,12.0,1009.7,0,0
2022-05-30,5,129,Satec_PM175,92204.0,25.4,21.2,31.0,0.0,11.0,1010.4,0,0
2022-05-31,5,129,Satec_PM175,93691.0,24.2,20.0,30.0,0.0,10.6,1010.1,0,0
2022-06-01,5,129,Satec_PM175,89435.0,23.6,21.1,27.0,0.0,11.9,1008.9,0,0
2022-06-02,5,129,Satec_PM175,86137.0,23.5,20.3,26.0,0.0,10.9,1007.7,0,0
2022-06-03,5,129,Satec_PM175,75958.0,22.7,18.0,26.0,0.0,9.6,1009.5,0,0
2022-06-04,5,129,Satec_PM175,74686.0,23.0,19.0,26.0,0.0,10.9,1010.5,1,0
2022-06-05,5,129,Satec_PM175,76510.0,23.8,21.2,27.0,0.0,12.7,1010.0,0,0
2022-06-06,5,129,Satec_PM175,89708.0,24.4,21.1,29.0,0.0,9.8,1009.0,0,0
2022-06-07,5,129,Satec_PM175,93035.0,24.8,21.8,29.0,0.1,9.8,1007.5,0,0
2022-06-08,5,129,Satec_PM175,95909.0,25.0,21.0,29.0,0.0,10.2,1009.0,0,0
2022-06-09,5,129,Satec_PM175,94010.0,24.6,20.7,28.0,0.0,9.5,1010.0,0,0
2022-06-10,5,129,Satec_PM175,85174.0,25.6,22.4,29.0,0.0,11.2,1010.6,0,0
2022-06-11,5,129,Satec_PM175,81204.0,26.0,22.0,30.0,0.0,9.5,1009.1,0,0
2022-06-12,5,129,Satec_PM175,97802.0,25.7,23.2,28.0,0.0,12.0,1006.5,0,0
2022-06-13,5,129,Satec_PM175,94853.0,25.2,22.0,28.0,2.5,14.8,1007.4,0,0
2022-06-14,5,129,Satec_PM175,96657.0,24.8,21.5,28.0,0.9,11.4,1009.8,0,0
2022-06-15,5,129,Satec_PM175,96712.0,24.6,21.0,28.0,0.8,11.7,1011.4,0,0
2022-06-16,5,129,Satec_PM175,98315.0,25.4,21.4,28.0,0.0,15.7,1010.2,0,0
2022-06-17,5,129,Satec_PM175,47964.0,26.4,23.8,29.0,0.0,15.3,1007.5,0,0
2022-06-18,5,129,Satec_PM175,85190.0,27.2,23.9,31.0,0.0,12.1,1007.1,0,0
2022-06-19,5,129,Satec_PM175,96727.0,26.1,23.2,29.0,0.0,12.3,1009.5,0,0
2022-06-20,5,129,Satec_PM175,95310.0,25.4,21.9,28.0,0.0,12.0,1010.4,0,0
2022-06-21,5,129,Satec_PM175,93671.0,25.4,21.3,28.0,0.0,13.6,1007.8,0,0
2022-06-22,5,129,Satec_PM175,96645.0,25.9,21.7,29.0,0.0,14.8,1004.6,0,0
2022-06-23,5,129,Satec_PM175,101719.0,26.8,22.3,31.0,0.0,11.8,1006.5,0,0
2022-06-24,5,129,Satec_PM175,88667.0,27.8,23.0,33.0,0.0,9.9,1006.6,0,0
2022-06-25,5,129,Satec_PM175,84950.0,26.4,24.2,29.0,0.4,15.8,1006.0,0,0
2022-06-26,5,129,Satec_PM175,86586.0,26.3,22.3,29.0,0.0,13.1,1008.5,0,0
2022-06-27,5,129,Satec_PM175,99265.0,26.9,22.4,31.0,0.0,10.6,1008.2,0,0
2022-06-28,5,129,Satec_PM175,100580.0,25.9,22.3,29.0,0.0,12.4,1006.9,0,0
2022-06-29,5,129,Satec_PM175,100658.0,26.3,22.8,29.0,0.0,12.5,1006.8,0,0
2022-06-30,5,129,Satec_PM175,99449.0,26.4,22.9,30.0,0.0,12.8,1006.7,0,0
2022-07-01,5,129,Satec_PM175,88348.0,26.1,22.0,30.0,0.0,11.5,1006.8,0,0
2022-07-02,5,129,Satec_PM175,90673.0,26.8,22.9,30.0,0.0,13.4,1006.7,0,0
2022-07-03,5,129,Satec_PM175,106044.0,27.2,23.4,30.0,0.0,12.5,1005.3,0,0
2022-07-04,5,129,Satec_PM175,107255.0,27.8,24.0,32.0,0.0,12.2,1005.3,0,0
2022-07-05,5,129,Satec_PM175,104586.0,27.7,23.8,32.0,0.0,12.6,1006.2,0,0
2022-07-06,5,129,Satec_PM175,102668.0,27.1,22.8,30.0,0.0,11.7,1005.9,0,0
2022-07-07,5,129,Satec_PM175,102704.0,27.0,20.0,31.0,0.0,10.9,1006.7,0,0
2022-07-08,5,129,Satec_PM175,89476.0,26.8,22.0,31.0,0.0,11.1,1006.8,0,0
2022-07-09,5,129,Satec_PM175,88832.0,27.0,22.0,31.0,0.0,11.5,1005.4,0,0
2022-07-10,5,129,Satec_PM175,104255.0,27.3,23.7,31.0,0.0,13.0,1004.7,0,0
2022-07-11,5,129,Satec_PM175,102255.0,26.5,22.6,30.0,0.0,12.3,1007.3,0,0
2022-07-12,5,129,Satec_PM175,104318.0,26.6,22.7,30.0,0.0,12.9,1009.2,0,0
2022-07-13,5,129,Satec_PM175,107100.0,27.6,23.9,31.0,0.0,13.2,1007.9,0,0
2022-07-14,5,129,Satec_PM175,104205.0,27.4,23.8,30.0,0.0,12.6,1006.2,0,0
2022-07-15,5,129,Satec_PM175,93353.0,27.6,23.7,31.0,0.0,13.0,1005.4,0,0
2022-07-16,5,129,Satec_PM175,84642.0,26.8,23.5,29.0,0.0,13.0,1007.0,0,0
2022-07-17,5,129,Satec_PM175,99043.0,27.5,23.0,31.0,0.0,12.3,1005.9,0,0
2022-07-18,5,129,Satec_PM175,111455.0,28.2,24.4,32.0,0.0,11.8,1004.8,0,0
2022-07-19,5,129,Satec_PM175,111568.0,29.0,24.9,33.0,0.0,11.2,1005.4,0,0
2022-07-20,5,129,Satec_PM175,113963.0,29.2,25.6,33.0,0.0,11.3,1006.4,0,0
2022-07-21,5,129,Satec_PM175,109797.0,28.0,24.0,31.0,0.0,11.2,1005.9,0,0
2022-07-22,5,129,Satec_PM175,97909.0,28.5,24.6,32.0,0.0,12.3,1007.1,0,0
2022-07-23,5,129,Satec_PM175,96864.0,28.2,24.5,31.0,0.0,12.5,1006.9,0,0
2022-07-24,5,129,Satec_PM175,112984.0,28.5,24.4,32.0,0.0,13.1,1004.2,0,0
2022-07-25,5,129,Satec_PM175,111404.0,28.7,24.9,32.0,0.0,11.0,1003.2,0,0
2022-07-26,5,129,Satec_PM175,110196.0,28.8,24.9,33.0,0.0,10.5,1003.6,0,0
2022-07-27,5,129,Satec_PM175,110428.0,28.1,24.0,32.0,0.0,10.7,1003.9,0,0
2022-07-28,5,129,Satec_PM175,111556.0,28.6,25.0,33.0,0.0,11.2,1005.2,0,0
2022-07-29,5,129,Satec_PM175,103918.0,29.3,26.3,33.0,0.0,12.2,1006.5,0,0
2022-07-30,5,129,Satec_PM175,97372.0,28.8,26.0,32.0,0.0,11.0,1006.3,0,0
2022-07-31,5,129,Satec_PM175,103978.0,28.3,24.8,32.0,0.0,11.2,1004.4,0,0
2022-08-01,5,129,Satec_PM175,108597.0,28.1,23.8,33.0,0.0,12.0,1003.5,0,0
2022-08-02,5,129,Satec_PM175,113555.0,28.4,24.9,32.0,0.0,11.5,1004.4,0,0
2022-08-03,5,129,Satec_PM175,109756.0,28.4,25.1,32.0,0.0,11.5,1005.4,0,0
2022-08-04,5,129,Satec_PM175,113301.0,28.2,25.2,31.0,0.0,12.6,1006.6,0,0
2022-08-05,5,129,Satec_PM175,102253.0,29.3,26.8,31.0,0.0,12.6,1005.9,0,0
2022-08-06,5,129,Satec_PM175,98735.0,29.0,26.6,32.0,0.0,11.9,1005.1,0,0
2022-08-07,5,129,Satec_PM175,107161.0,28.5,25.5,32.0,0.0,10.4,1004.2,0,0
2022-08-08,5,129,Satec_PM175,104668.0,28.0,24.7,31.0,0.0,10.7,1006.5,0,0
2022-08-09,5,129,Satec_PM175,108231.0,28.1,24.4,32.0,0.0,11.1,1007.3,0,0
2022-08-10,5,129,Satec_PM175,110858.0,28.4,24.7,31.0,0.0,12.8,1006.4,0,0
2022-08-11,5,129,Satec_PM175,111028.0,28.5,24.7,31.0,0.0,12.0,1006.7,0,0
2022-08-12,5,129,Satec_PM175,93633.0,27.6,24.3,31.0,0.0,12.1,1006.9,0,0
2022-08-13,5,129,Satec_PM175,90931.0,27.6,22.7,31.0,0.0,11.6,1006.3,0,0
2022-08-14,5,129,Satec_PM175,109257.0,28.6,24.7,31.0,0.4,12.7,1005.7,0,0
2022-08-15,5,129,Satec_PM175,108377.0,27.9,24.0,31.0,0.0,11.1,1007.6,0,0
2022-08-16,5,129,Satec_PM175,110264.0,27.4,23.6,30.0,0.0,12.4,1008.4,0,0
2022-08-17,5,129,Satec_PM175,108058.0,27.5,24.3,30.0,0.0,11.7,1006.5,0,0
2022-08-18,5,129,Satec_PM175,105076.0,27.1,23.4,30.0,0.0,10.9,1004.8,0,0
2022-08-19,5,129,Satec_PM175,96018.0,27.7,23.7,31.0,0.0,10.7,1004.7,0,0
2022-08-20,5,129,Satec_PM175,97157.0,27.6,23.4,32.0,0.0,11.2,1005.2,0,0
2022-08-21,5,129,Satec_PM175,112797.0,28.6,24.9,32.0,0.0,10.6,1004.7,0,0
2022-08-22,5,129,Satec_PM175,111072.0,27.8,24.0,31.0,0.0,11.6,1006.2,0,0
2022-08-23,5,129,Satec_PM175,109201.0,28.0,24.0,31.0,0.5,10.9,1008.9,0,0
2022-08-24,5,129,Satec_PM175,107233.0,27.1,23.2,30.0,0.0,12.2,1008.9,0,0
2022-08-25,5,129,Satec_PM175,115341.0,28.2,24.4,31.0,0.0,14.6,1007.3,0,0
2022-08-26,5,129,Satec_PM175,102613.0,28.4,25.5,30.0,0.0,15.0,1007.3,0,0
2022-08-27,5,129,Satec_PM175,103121.0,28.4,25.4,31.0,0.0,14.4,1008.0,0,0
2022-08-28,5,129,Satec_PM175,121616.0,28.8,26.0,31.0,0.0,17.4,1007.7,0,0
2022-08-29,5,129,Satec_PM175,120300.0,29.1,26.7,31.0,0.0,11.9,1009.2,0,0
2022-08-30,5,129,Satec_PM175,118810.0,28.9,26.5,31.0,0.0,11.1,1010.1,0,0
2022-08-31,5,129,Satec_PM175,118058.0,28.9,25.7,31.0,0.0,11.6,1008.6,0,0
2022-09-01,5,129,Satec_PM175,117191.0,28.5,25.9,31.0,0.0,12.1,1007.8,0,0
2022-09-02,5,129,Satec_PM175,107490.0,28.5,26.0,30.0,0.0,11.5,1008.6,0,0
2022-09-03,5,129,Satec_PM175,106206.0,28.3,25.9,31.0,0.0,12.3,1010.7,0,0
2022-09-04,5,129,Satec_PM175,115327.0,28.2,25.3,30.0,0.0,11.9,1010.5,0,0
2022-09-05,5,129,Satec_PM175,110254.0,27.7,24.0,31.0,0.0,10.6,1009.3,0,0
2022-09-06,5,129,Satec_PM175,108770.0,27.4,23.4,31.0,0.2,11.8,1007.9,0,0
2022-09-07,5,129,Satec_PM175,110940.0,27.7,23.4,31.0,0.6,10.2,1008.1,0,0
2022-09-08,5,129,Satec_PM175,110917.0,28.1,23.6,31.0,0.0,13.6,1009.6,0,0
2022-09-09,5,129,Satec_PM175,99341.0,27.8,24.3,31.0,0.0,12.9,1010.9,0,0
2022-09-10,5,129,Satec_PM175,96271.0,27.1,23.6,30.0,0.0,11.2,1010.8,0,0
2022-09-11,5,129,Satec_PM175,105889.0,26.7,22.0,31.0,0.0,11.5,1009.4,0,0
2022-09-12,5,129,Satec_PM175,108103.0,26.3,21.0,31.0,0.0,10.1,1006.7,0,0
2022-09-13,5,129,Satec_PM175,112328.0,27.4,22.3,31.0,0.2,11.1,1006.3,0,0
2022-09-14,5,129,Satec_PM175,102864.0,27.2,22.8,30.0,0.0,9.8,1010.1,0,0
2022-09-15,5,129,Satec_PM175,98568.0,26.1,21.1,30.0,0.0,10.6,1012.3,0,0
2022-09-16,5,129,Satec_PM175,94345.0,25.5,21.0,30.0,0.0,10.7,1010.2,0,0
2022-09-17,5,129,Satec_PM175,96991.0,26.3,22.6,29.0,0.0,12.9,1007.8,0,0
2022-09-18,5,129,Satec_PM175,108782.0,26.6,22.5,29.0,0.0,11.1,1008.5,0,0
2022-09-19,5,129,Satec_PM175,99617.0,26.5,22.7,29.0,0.0,12.7,1010.0,0,0
2022-09-20,5,129,Satec_PM175,104037.0,26.1,21.5,29.0,0.0,10.6,1008.7,0,0
2022-09-21,5,129,Satec_PM175,92793.0,25.5,20.9,29.0,0.0,12.2,1008.5,0,0
2022-09-22,5,129,Satec_PM175,78953.0,25.8,20.9,29.0,0.0,10.6,1009.8,0,0
2022-09-23,5,129,Satec_PM175,80349.0,25.2,20.6,29.0,0.0,10.6,1011.9,0,0
2022-09-24,5,129,Satec_PM175,79497.0,25.0,20.7,30.0,0.0,12.8,1014.3,0,0
2022-09-25,5,129,Satec_PM175,82817.0,25.7,21.2,29.0,0.0,14.0,1014.4,1,0
2022-09-26,5,129,Satec_PM175,80425.0,25.6,21.1,29.0,0.0,13.3,1013.7,1,0
2022-09-27,5,129,Satec_PM175,84139.0,25.2,20.9,29.0,0.0,10.8,1013.0,1,0
2022-09-28,5,129,Satec_PM175,97171.0,24.8,19.9,29.0,0.0,11.5,1013.0,0,0
2022-09-29,5,129,Satec_PM175,102112.0,25.3,20.6,29.0,0.0,11.8,1013.1,0,0
2022-09-30,5,129,Satec_PM175,96803.0,26.5,22.4,30.0,0.0,11.9,1014.3,0,0
2022-10-01,5,129,Satec_PM175,94796.0,27.1,23.3,31.0,0.0,12.3,1014.4,0,0
2022-10-02,5,129,Satec_PM175,107246.0,26.7,21.9,31.0,0.0,10.5,1010.0,0,0
2022-10-03,5,129,Satec_PM175,106727.0,26.2,22.0,31.0,0.0,9.4,1006.8,0,0
2022-10-04,5,129,Satec_PM175,88636.0,25.9,22.4,30.6,0.0,10.5,1010.0,0,1
2022-10-05,5,129,Satec_PM175,82808.0,24.8,20.4,29.8,0.0,12.4,1015.0,1,0
2022-10-06,5,129,Satec_PM175,92167.0,24.6,20.2,28.0,0.0,10.7,1014.1,0,0
2022-10-07,5,129,Satec_PM175,72458.0,24.4,20.1,27.0,0.0,9.2,1013.1,0,0
2022-10-08,5,129,Satec_PM175,74805.0,23.2,18.7,28.0,0.0,10.7,1013.0,0,0
2022-10-09,5,129,Satec_PM175,75598.0,22.5,18.2,27.0,0.0,9.5,1014.6,0,1
2022-10-10,5,129,Satec_PM175,76003.0,22.6,18.0,27.0,0.0,12.1,1016.7,1,0
2022-10-11,5,129,Satec_PM175,92539.0,23.4,18.7,28.0,0.0,13.9,1015.8,0,1
2022-10-12,5,129,Satec_PM175,91853.0,23.4,19.2,27.0,0.0,10.5,1014.9,0,1
2022-10-13,5,129,Satec_PM175,87696.0,24.4,19.2,27.0,1.8,11.6,1014.0,0,1
2022-10-14,5,129,Satec_PM175,77423.0,22.6,18.1,27.0,0.6,10.3,1012.5,0,1
2022-10-15,5,129,Satec_PM175,77953.0,22.8,18.1,27.0,0.2,11.4,1011.2,0,0
2022-10-16,5,129,Satec_PM175,79113.0,23.6,19.9,29.0,0.4,15.4,1011.6,0,1
2022-10-17,5,129,Satec_PM175,77919.0,24.0,20.2,28.0,0.8,13.0,1014.5,1,0
2022-10-18,5,129,Satec_PM175,90390.0,23.3,18.9,28.0,0.7,10.1,1016.1,0,0
2022-10-19,5,129,Satec_PM175,88934.0,22.6,17.8,27.0,0.0,10.6,1014.4,0,0
2022-10-20,5,129,Satec_PM175,91209.0,23.7,18.5,28.0,1.1,9.4,1013.7,0,0
2022-10-21,5,129,Satec_PM175,80274.0,22.8,18.5,27.0,0.9,10.3,1013.8,0,0
2022-10-22,5,129,Satec_PM175,77252.0,22.4,18.1,26.0,0.0,9.7,1016.3,0,0
2022-10-23,5,129,Satec_PM175,86878.0,22.2,17.9,27.0,2.2,14.2,1017.1,0,0
2022-10-24,5,129,Satec_PM175,91209.0,22.3,18.0,27.0,0.6,12.7,1016.1,0,0
2022-10-25,5,129,Satec_PM175,87288.0,24.1,19.3,31.0,0.0,13.6,1012.9,0,0
2022-10-26,5,129,Satec_PM175,83814.0,23.1,19.9,27.0,0.0,14.5,1014.4,0,0
2022-10-27,5,129,Satec_PM175,87380.0,22.6,17.0,27.0,0.7,10.6,1016.6,0,0
2022-10-28,5,129,Satec_PM175,78285.0,22.4,18.0,27.0,0.0,11.5,1015.8,0,0
2022-10-29,5,129,Satec_PM175,73748.0,22.6,18.0,27.0,0.0,13.4,1013.2,0,0
2022-10-30,5,129,Satec_PM175,86862.0,23.5,18.6,29.0,0.0,11.7,1012.2,0,0
2022-10-31,5,129,Satec_PM175,89958.0,22.3,17.9,27.0,0.0,11.0,1014.5,0,0
2022-11-01,5,129,Satec_PM175,80060.0,21.1,16.2,25.0,1.0,10.1,1015.9,0,0
2022-11-02,5,129,Satec_PM175,82493.0,20.4,15.6,25.0,0.6,10.2,1016.0,0,0
2022-11-03,5,129,Satec_PM175,84980.0,20.8,15.2,26.0,0.1,8.5,1016.6,0,0
2022-11-04,5,129,Satec_PM175,71440.0,19.9,15.2,25.0,0.0,10.5,1016.4,0,0
2022-11-05,5,129,Satec_PM175,68910.0,20.2,14.9,25.0,0.0,13.7,1015.5,0,0
2022-11-06,5,129,Satec_PM175,85426.0,22.3,17.0,29.0,0.0,11.2,1014.8,0,0
2022-11-07,5,129,Satec_PM175,86269.0,20.9,16.1,26.0,0.5,11.2,1013.4,0,0
2022-11-08,5,129,Satec_PM175,82316.0,18.8,15.7,23.0,16.9,10.3,1012.5,0,0
2022-11-09,5,129,Satec_PM175,78366.0,18.2,14.4,23.0,5.2,7.4,1014.7,0,0
2022-11-10,5,129,Satec_PM175,75253.0,18.2,13.6,24.0,0.7,9.3,1017.0,0,0
2022-11-11,5,129,Satec_PM175,66507.0,18.8,13.8,24.0,0.0,11.7,1018.2,0,0
2022-11-12,5,129,Satec_PM175,64885.0,21.2,16.0,27.0,0.0,14.5,1019.0,0,0
2022-11-13,5,129,Satec_PM175,77785.0,22.2,17.5,28.0,0.0,15.0,1018.5,0,0
2022-11-14,5,129,Satec_PM175,80090.0,21.0,16.8,26.0,0.4,13.0,1016.1,0,0
2022-11-15,5,129,Satec_PM175,80959.0,19.7,15.3,24.0,0.4,10.4,1015.4,0,0
2022-11-16,5,129,Satec_PM175,77140.0,18.5,14.0,23.0,2.6,10.5,1014.3,0,0
2022-11-17,5,129,Satec_PM175,77169.0,18.4,13.9,23.0,0.4,10.7,1016.3,0,0
2022-11-18,5,129,Satec_PM175,70181.0,18.5,14.0,24.0,0.0,10.6,1018.7,0,0
2022-11-19,5,129,Satec_PM175,67420.0,20.0,14.7,28.0,0.0,11.4,1021.6,0,0
2022-11-20,5,129,Satec_PM175,73713.0,20.6,15.6,27.0,0.0,15.3,1021.7,0,0
2022-11-21,5,129,Satec_PM175,74280.0,21.9,17.3,28.0,0.0,19.3,1016.4,0,0
2022-11-22,5,129,Satec_PM175,76344.0,20.5,15.8,25.0,0.4,10.7,1016.0,0,0
2022-11-23,5,129,Satec_PM175,74353.0,18.9,14.8,23.0,0.0,10.9,1015.1,0,0
2022-11-24,5,129,Satec_PM175,68972.0,19.0,15.2,24.0,6.5,9.8,1010.6,0,0
2022-11-25,5,129,Satec_PM175,60178.0,17.3,15.2,21.0,53.0,16.1,1010.6,0,0
2022-11-26,5,129,Satec_PM175,58921.0,17.6,13.5,21.0,1.2,16.0,1015.8,0,0
2022-11-27,5,129,Satec_PM175,67841.0,17.1,12.3,21.0,0.0,14.4,1015.8,0,0
2022-11-28,5,129,Satec_PM175,70394.0,19.8,16.4,23.0,0.0,22.4,1010.4,0,0
2022-11-29,5,129,Satec_PM175,70141.0,17.3,14.5,20.0,2.5,17.5,1011.1,0,0
2022-11-30,5,129,Satec_PM175,72989.0,17.4,13.5,23.0,1.3,9.5,1015.4,0,0
2022-12-01,5,129,Satec_PM175,70990.0,17.7,13.4,24.0,0.0,8.8,1018.3,0,0
2022-12-02,5,129,Satec_PM175,61127.0,17.4,13.1,23.0,0.0,11.9,1018.6,0,0
2022-12-03,5,129,Satec_PM175,57540.0,17.2,12.0,23.0,0.0,9.6,1017.8,0,0
2022-12-04,5,129,Satec_PM175,69244.0,18.3,13.7,24.0,0.0,12.2,1018.1,0,0
2022-12-05,5,129,Satec_PM175,73080.0,17.2,13.0,23.0,0.0,9.1,1018.3,0,0
2022-12-06,5,129,Satec_PM175,73794.0,15.5,12.4,20.0,3.2,7.9,1017.8,0,0
2022-12-07,5,129,Satec_PM175,74113.0,16.1,12.3,20.0,1.6,8.9,1018.0,0,0
2022-12-08,5,129,Satec_PM175,73126.0,16.9,12.5,23.0,0.0,7.3,1019.6,0,0
2022-12-09,5,129,Satec_PM175,62379.0,16.6,12.7,22.0,0.0,11.2,1020.3,0,0
2022-12-10,5,129,Satec_PM175,58115.0,15.9,11.9,22.0,0.0,10.6,1019.3,0,0
2022-12-11,5,129,Satec_PM175,68159.0,16.8,12.6,22.0,0.0,16.9,1016.1,0,0
2022-12-12,5,129,Satec_PM175,69859.0,17.4,14.0,22.0,0.0,13.9,1012.8,0,0
2022-12-13,5,129,Satec_PM175,71725.0,17.5,14.3,23.0,0.0,11.3,1013.2,0,0
2022-12-14,5,129,Satec_PM175,72484.0,15.4,14.0,17.0,16.5,13.1,1015.6,0,0
2022-12-15,5,129,Satec_PM175,72975.0,17.1,13.9,22.0,2.1,9.0,1018.6,0,0
2022-12-16,5,129,Satec_PM175,65601.0,17.3,13.0,23.0,0.0,10.7,1020.9,0,0
2022-12-17,5,129,Satec_PM175,63611.0,18.6,14.5,25.0,0.0,11.1,1021.0,0,0
2022-12-18,5,129,Satec_PM175,70422.0,18.7,14.2,25.0,0.0,13.4,1021.2,0,0
2022-12-19,5,129,Satec_PM175,70864.0,17.6,13.4,24.0,0.0,13.5,1018.2,0,0
2022-12-20,5,129,Satec_PM175,70633.0,16.5,11.9,23.0,0.0,10.4,1014.6,0,0
2022-12-21,5,129,Satec_PM175,71538.0,15.1,11.6,21.0,4.7,12.1,1013.9,0,0
2022-12-22,5,129,Satec_PM175,67151.0,15.1,10.3,20.0,0.0,13.5,1014.2,0,0
2022-12-23,5,129,Satec_PM175,57139.0,14.9,11.9,19.0,0.0,16.8,1012.4,0,0
2022-12-24,5,129,Satec_PM175,57550.0,14.3,10.3,20.0,2.5,9.6,1014.9,0,0
2022-12-25,5,129,Satec_PM175,68909.0,14.2,11.7,17.0,6.5,12.3,1016.4,0,0
2022-12-26,5,129,Satec_PM175,70031.0,13.2,10.2,16.0,29.9,13.6,1015.7,0,0
2022-12-27,5,129,Satec_PM175,67426.0,13.9,8.9,17.0,0.7,15.9,1022.4,0,0
2022-12-28,5,129,Satec_PM175,68215.0,13.5,8.7,19.0,0.0,8.4,1026.0,0,0
2022-12-29,5,129,Satec_PM175,66105.0,14.4,10.2,19.0,0.0,12.2,1024.9,0,0
2022-12-30,5,129,Satec_PM175,58024.0,14.7,10.9,20.0,0.0,18.6,1024.8,0,0
2022-12-31,5,129,Satec_PM175,55886.0,15.0,11.2,19.0,0.0,17.4,1024.9,0,0
2023-01-01,5,129,Satec_PM175,66652.0,15.5,11.8,19.0,0.0,25.9,1024.1,0,0
2023-01-02,5,129,Satec_PM175,68775.0,15.1,12.3,18.0,0.0,26.8,1023.6,0,0
2023-01-03,5,129,Satec_PM175,68862.0,15.6,11.9,20.0,0.4,23.5,1021.7,0,0
2023-01-04,5,129,Satec_PM175,68463.0,14.2,10.9,18.0,0.8,12.9,1019.4,0,0
2023-01-05,5,129,Satec_PM175,67979.0,14.6,8.7,19.0,0.6,9.0,1020.1,0,0
2023-01-06,5,129,Satec_PM175,60997.0,14.9,10.9,20.0,1.0,11.5,1021.0,0,0
2023-01-07,5,129,Satec_PM175,59756.0,14.1,11.6,19.0,4.5,9.0,1020.6,0,0
2023-01-08,5,129,Satec_PM175,68670.0,14.4,10.6,19.0,0.0,11.8,1017.3,0,0
2023-01-09,5,129,Satec_PM175,67716.0,14.0,10.5,19.0,0.1,11.7,1018.0,0,0
2023-01-10,5,129,Satec_PM175,67607.0,13.4,9.2,19.0,0.3,10.1,1023.6,0,0
2023-01-11,5,129,Satec_PM175,67605.0,13.6,9.3,19.0,0.0,13.9,1022.6,0,0
2023-01-12,5,129,Satec_PM175,65472.0,11.9,9.9,16.0,6.0,18.6,1018.3,0,0
2023-01-13,5,129,Satec_PM175,56645.0,12.3,9.7,17.0,5.5,11.7,1017.1,0,0
2023-01-14,5,129,Satec_PM175,54229.0,11.5,10.0,13.0,5.3,16.8,1016.0,0,0
2023-01-15,5,129,Satec_PM175,68271.0,13.2,10.8,17.0,4.0,11.9,1017.6,0,0
2023-01-16,5,129,Satec_PM175,68669.0,13.9,9.7,18.0,3.9,11.4,1016.5,0,0
2023-01-17,5,129,Satec_PM175,69382.0,13.6,8.7,19.0,0.0,9.0,1022.2,0,0
2023-01-18,5,129,Satec_PM175,71203.0,14.2,9.9,19.0,0.0,10.5,1024.1,0,0
2023-01-19,5,129,Satec_PM175,69040.0,15.4,10.0,22.0,0.0,12.7,1021.8,0,0
2023-01-20,5,129,Satec_PM175,58349.0,16.0,11.3,23.0,0.0,15.2,1016.7,0,0
2023-01-21,5,129,Satec_PM175,57133.0,14.9,10.0,21.0,0.0,8.8,1017.3,0,0
2023-01-22,5,129,Satec_PM175,67007.0,15.1,10.0,21.0,0.0,9.6,1018.2,0,0
2023-01-23,5,129,Satec_PM175,67666.0,16.7,12.0,23.0,0.0,13.7,1019.3,0,0
2023-01-24,5,129,Satec_PM175,68799.0,16.0,11.9,22.0,0.0,12.6,1019.5,0,0
2023-01-25,5,129,Satec_PM175,71398.0,14.4,9.0,19.0,0.0,10.2,1018.3,0,0
2023-01-26,5,129,Satec_PM175,68368.0,13.9,9.0,19.0,0.0,9.1,1018.2,0,0
2023-01-27,5,129,Satec_PM175,59550.0,16.9,11.1,23.0,0.0,21.5,1014.8,0,0
2023-01-28,5,129,Satec_PM175,61458.0,17.8,12.7,24.0,0.7,15.9,1012.8,0,0
2023-01-29,5,129,Satec_PM175,68984.0,15.4,10.3,20.0,0.0,7.9,1013.9,0,0
2023-01-30,5,129,Satec_PM175,68706.0,14.5,9.9,20.0,5.9,10.6,1011.4,0,0
2023-01-31,5,129,Satec_PM175,69121.0,13.3,11.0,16.0,38.6,17.8,1009.3,0,0
2023-02-01,5,129,Satec_PM175,68454.0,12.8,9.8,16.0,29.9,25.4,1009.6,0,0
2023-02-02,5,129,Satec_PM175,67375.0,13.0,8.3,16.0,0.5,22.7,1018.7,0,0
2023-02-03,5,129,Satec_PM175,56648.0,12.2,7.9,17.0,5.7,10.0,1022.2,0,0
2023-02-04,5,129,Satec_PM175,54559.0,12.9,9.4,17.0,9.1,14.9,1015.4,0,0
2023-02-05,5,129,Satec_PM175,67262.0,13.7,9.9,17.0,8.4,17.7,1010.8,0,0
2023-02-06,5,129,Satec_PM175,67612.0,13.0,9.0,15.0,10.0,28.8,1007.3,0,0
2023-02-07,5,129,Satec_PM175,66895.0,11.1,7.7,14.0,22.0,25.1,1012.9,0,0
2023-02-08,5,129,Satec_PM175,66224.0,9.8,5.0,13.0,5.6,17.2,1020.5,0,0
2023-02-09,5,129,Satec_PM175,64810.0,9.6,4.4,14.0,1.9,7.4,1024.0,0,0
2023-02-10,5,129,Satec_PM175,54037.0,11.0,7.4,15.0,4.0,16.0,1021.8,0,0
2023-02-11,5,129,Satec_PM175,52214.0,11.4,7.4,16.0,0.0,17.0,1018.6,0,0
2023-02-12,5,129,Satec_PM175,64780.0,10.9,6.1,15.0,1.3,9.4,1020.7,0,0
2023-02-13,5,129,Satec_PM175,65146.0,11.0,6.0,16.0,0.3,12.0,1022.7,0,0
2023-02-14,5,129,Satec_PM175,66491.0,11.5,6.3,17.0,0.0,12.7,1018.7,0,0
2023-02-15,5,129,Satec_PM175,65730.0,10.7,6.7,15.0,0.4,8.6,1019.0,0,0
2023-02-16,5,129,Satec_PM175,65481.0,11.0,5.6,16.0,0.8,8.6,1024.3,0,0
2023-02-17,5,129,Satec_PM175,54133.0,11.3,6.0,17.0,0.0,11.8,1027.7,0,0
2023-02-18,5,129,Satec_PM175,53097.0,12.0,6.0,17.0,0.0,11.5,1026.5,0,0
2023-02-19,5,129,Satec_PM175,68360.0,13.0,7.7,18.0,0.0,12.1,1024.4,0,0
2023-02-20,5,129,Satec_PM175,68073.0,13.4,7.0,18.0,0.0,13.2,1020.4,0,0
2023-02-21,5,129,Satec_PM175,67441.0,14.3,9.1,18.0,0.0,7.9,1019.8,0,0
2023-02-22,5,129,Satec_PM175,68456.0,13.4,8.0,18.0,0.0,10.0,1017.0,0,0
2023-02-23,5,129,Satec_PM175,66718.0,14.2,9.3,18.0,0.1,9.0,1015.5,0,0
2023-02-24,5,129,Satec_PM175,56705.0,13.9,9.4,18.0,0.0,9.3,1016.4,0,0
2023-02-25,5,129,Satec_PM175,56535.0,14.5,9.6,19.0,0.0,9.9,1017.7,0,0
2023-02-26,5,129,Satec_PM175,69569.0,15.5,10.2,19.0,0.0,11.5,1019.8,0,0
2023-02-27,5,129,Satec_PM175,70890.0,18.0,11.8,27.0,0.0,11.7,1021.6,0,0
2023-02-28,5,129,Satec_PM175,71594.0,20.9,15.5,28.0,0.0,15.7,1019.5,0,0
2023-03-01,5,129,Satec_PM175,71377.0,20.9,15.5,30.0,0.0,13.0,1015.4,0,0
2023-03-02,5,129,Satec_PM175,69959.0,21.2,14.4,29.0,0.0,12.2,1012.2,0,0
2023-03-03,5,129,Satec_PM175,64118.0,18.5,13.8,22.0,0.0,15.3,1014.6,0,0
2023-03-04,5,129,Satec_PM175,61396.0,16.2,11.6,21.0,0.0,9.1,1018.0,0,0
2023-03-05,5,129,Satec_PM175,69458.0,21.2,13.0,29.0,0.0,16.3,1011.4,0,0
2023-03-06,5,129,Satec_PM175,70252.0,17.0,12.5,19.0,0.3,14.2,1015.9,0,1
2023-03-07,5,129,Satec_PM175,66911.0,15.2,10.3,20.0,0.0,11.5,1017.0,0,0
2023-03-08,5,129,Satec_PM175,67610.0,15.8,11.9,19.0,0.2,12.9,1014.8,0,0
2023-03-09,5,129,Satec_PM175,66963.0,15.5,10.6,20.0,0.1,9.7,1017.2,0,0
2023-03-10,5,129,Satec_PM175,58414.0,15.8,10.0,22.0,0.0,10.2,1017.7,0,0
2023-03-11,5,129,Satec_PM175,57522.0,18.7,13.1,27.0,0.0,13.9,1012.7,0,0
2023-03-12,5,129,Satec_PM175,67310.0,18.9,13.0,26.0,0.0,9.6,1009.1,0,0
2023-03-13,5,129,Satec_PM175,74618.0,19.4,14.2,25.0,1.1,10.8,1008.3,0,0
2023-03-14,5,129,Satec_PM175,72911.0,14.8,12.2,16.0,15.1,11.6,1009.1,0,0
2023-03-15,5,129,Satec_PM175,70174.0,14.6,12.2,18.0,4.7,12.7,1010.8,0,0
2023-03-16,5,129,Satec_PM175,66131.0,15.9,9.6,22.0,0.0,9.1,1013.7,0,0
2023-03-17,5,129,Satec_PM175,58738.0,17.3,13.7,23.0,0.0,15.9,1011.8,0,0
2023-03-18,5,129,Satec_PM175,56562.0,16.2,12.5,22.0,11.6,11.5,1010.2,0,0
2023-03-19,5,129,Satec_PM175,65859.0,14.7,11.6,19.0,25.6,14.1,1010.3,0,0
2023-03-20,5,129,Satec_PM175,68910.0,14.6,11.6,19.0,18.9,9.5,1010.5,0,0
2023-03-21,5,129,Satec_PM175,69117.0,15.5,9.7,20.0,1.3,11.8,1012.9,0,0
2023-03-22,5,129,Satec_PM175,69763.0,16.0,11.8,20.0,0.0,7.8,1013.5,0,0
2023-03-23,5,129,Satec_PM175,68908.0,17.6,13.5,21.0,0.2,8.2,1012.4,0,0
2023-03-24,5,129,Satec_PM175,59931.0,19.2,15.0,26.0,0.0,12.1,1009.1,0,0
2023-03-25,5,129,Satec_PM175,55979.0,18.1,15.7,20.0,3.4,9.9,1005.7,0,0
2023-03-26,5,129,Satec_PM175,68886.0,17.9,14.2,21.0,2.4,13.6,1010.1,0,0
2023-03-27,5,129,Satec_PM175,66584.0,16.8,12.4,21.0,0.6,9.5,1014.1,0,0
2023-03-28,5,129,Satec_PM175,66326.0,17.5,12.0,23.0,0.0,9.7,1015.7,0,0
2023-03-29,5,129,Satec_PM175,64646.0,16.7,13.1,20.0,0.8,16.8,1016.3,0,0
2023-03-30,5,129,Satec_PM175,59275.0,14.5,10.3,17.0,0.5,20.3,1017.8,0,0
2023-03-31,5,129,Satec_PM175,49433.0,14.5,10.0,18.0,0.2,18.5,1018.7,0,0
2023-04-01,5,129,Satec_PM175,49748.0,14.5,9.5,19.0,0.0,10.3,1019.6,0,0
2023-04-02,5,129,Satec_PM175,62111.0,16.0,11.0,20.0,0.0,11.4,1018.0,0,0
2023-04-03,5,129,Satec_PM175,67754.0,17.5,11.0,23.0,0.0,11.7,1013.2,0,0
2023-04-04,5,129,Satec_PM175,68798.0,22.5,16.3,32.0,0.0,15.3,1010.2,0,0
2023-04-05,5,129,Satec_PM175,56869.0,18.1,14.2,22.0,0.4,10.9,1015.6,0,1
2023-04-06,5,129,Satec_PM175,51841.0,16.6,11.9,21.0,0.4,8.7,1016.6,1,0
2023-04-07,5,129,Satec_PM175,55452.0,20.1,13.5,30.0,0.0,14.6,1012.9,0,1
2023-04-08,5,129,Satec_PM175,56784.0,18.6,15.0,22.0,0.0,8.3,1014.6,0,0
2023-04-09,5,129,Satec_PM175,69117.0,22.8,18.0,30.0,0.0,11.1,1010.3,0,1
2023-04-10,5,129,Satec_PM175,72778.0,24.1,18.9,31.0,0.3,13.4,1005.5,0,1
2023-04-11,5,129,Satec_PM175,56534.0,17.8,13.5,19.0,0.1,13.5,1007.3,0,1
2023-04-12,5,129,Satec_PM175,48957.0,13.5,12.0,16.0,27.2,13.2,1007.5,0,1
2023-04-13,5,129,Satec_PM175,57592.0,16.1,12.5,20.0,31.9,15.9,1013.5,1,0
2023-04-14,5,129,Satec_PM175,38158.0,16.6,12.0,23.0,0.0,11.6,1018.9,0,0
2023-04-15,5,129,Satec_PM175,52863.0,19.0,13.2,27.0,0.0,12.4,1015.0,0,0
2023-04-16,5,129,Satec_PM175,69476.0,20.5,15.0,27.0,0.0,10.9,1011.2,0,0
2023-04-17,5,129,Satec_PM175,73129.0,20.9,16.0,24.0,0.0,10.0,1010.3,0,0
2023-04-18,5,129,Satec_PM175,78670.0,21.6,18.6,28.0,0.0,9.8,1011.6,0,0
2023-04-19,5,129,Satec_PM175,77454.0,23.7,19.1,33.0,0.0,15.0,1010.6,0,0
2023-04-20,5,129,Satec_PM175,69656.0,19.5,15.1,21.0,0.2,13.8,1010.3,0,0
2023-04-21,5,129,Satec_PM175,57137.0,17.9,14.0,21.0,0.0,10.3,1011.4,0,0
2023-04-22,5,129,Satec_PM175,58246.0,17.6,13.3,21.0,0.0,13.1,1010.7,0,0
2023-04-23,5,129,Satec_PM175,72528.0,18.8,14.6,22.0,0.0,11.1,1010.9,0,0
2023-04-24,5,129,Satec_PM175,70398.0,18.3,15.0,22.0,0.0,11.2,1013.2,0,1
2023-04-25,5,129,Satec_PM175,60229.0,17.9,13.8,22.0,0.0,11.4,1014.1,1,0
2023-04-26,5,129,Satec_PM175,54853.0,17.9,13.1,22.0,0.0,11.6,1013.2,1,0
2023-04-27,5,129,Satec_PM175,63902.0,19.3,13.0,25.0,0.0,11.0,1009.9,0,0
2023-04-28,5,129,Satec_PM175,57691.0,18.8,15.4,22.0,0.8,12.1,1010.1,0,0
2023-04-29,5,129,Satec_PM175,54176.0,17.4,14.1,21.0,5.1,16.3,1010.2,0,0
2023-04-30,5,129,Satec_PM175,66119.0,17.5,13.6,21.0,0.3,12.3,1013.5,0,0
2023-05-01,5,129,Satec_PM175,68382.0,17.5,13.5,21.0,0.0,11.9,1015.9,0,0
2023-05-02,5,129,Satec_PM175,71861.0,18.7,14.9,22.0,0.0,14.2,1016.6,0,0
2023-05-03,5,129,Satec_PM175,78196.0,19.7,14.1,23.0,0.0,12.4,1017.5,0,0
2023-05-04,5,129,Satec_PM175,72915.0,24.2,18.3,33.0,0.0,15.5,1013.5,0,0
2023-05-05,5,129,Satec_PM175,66273.0,25.4,20.7,36.0,0.0,19.5,1007.7,0,0
2023-05-06,5,129,Satec_PM175,63068.0,20.5,17.1,24.0,0.5,11.9,1010.9,0,0
2023-05-07,5,129,Satec_PM175,73026.0,19.8,16.3,23.0,2.9,12.4,1012.9,0,0
2023-05-08,5,129,Satec_PM175,72549.0,18.9,15.0,23.0,1.3,11.5,1013.8,0,0
2023-05-09,5,129,Satec_PM175,74925.0,19.5,15.4,23.0,0.0,11.8,1013.2,0,0
2023-05-10,5,129,Satec_PM175,78346.0,20.3,16.2,24.0,0.0,13.9,1011.1,0,0
2023-05-11,5,129,Satec_PM175,81263.0,21.7,17.0,26.0,0.0,9.7,1007.9,0,0
2023-05-12,5,129,Satec_PM175,71246.0,22.6,19.0,27.0,0.0,11.8,1010.2,0,0
2023-05-13,5,129,Satec_PM175,66454.0,20.3,17.4,23.0,0.1,13.1,1016.9,0,0
2023-05-14,5,129,Satec_PM175,77528.0,20.1,16.2,24.0,0.0,13.9,1016.5,0,0
2023-05-15,5,129,Satec_PM175,84349.0,21.4,17.8,24.0,0.0,15.4,1011.2,0,0
2023-05-16,5,129,Satec_PM175,82694.0,25.7,19.7,36.0,0.0,13.6,1007.4,0,0
2023-05-17,5,129,Satec_PM175,79401.0,26.2,21.0,36.0,0.0,7.2,1006.4,0,0
2023-05-18,5,129,Satec_PM175,68580.0,21.6,17.7,25.0,0.0,7.7,1011.5,0,0
2023-05-19,5,129,Satec_PM175,64622.0,20.2,16.4,23.0,0.1,8.5,1012.1,0,0
2023-05-20,5,129,Satec_PM175,65336.0,20.3,16.4,24.0,0.7,7.1,1010.7,0,0
2023-05-21,5,129,Satec_PM175,74335.0,20.7,16.7,25.0,0.0,6.7,1009.3,0,0
2023-05-22,5,129,Satec_PM175,81685.0,24.8,19.8,30.0,0.0,12.5,1006.1,0,0
2023-05-23,5,129,Satec_PM175,83653.0,22.4,18.5,27.0,1.9,8.2,1011.7,0,0
2023-05-24,5,129,Satec_PM175,85671.0,22.5,18.4,28.0,0.0,8.7,1010.1,0,0
2023-05-25,5,129,Satec_PM175,75524.0,22.4,19.3,25.0,0.0,8.3,1011.3,1,0
2023-05-26,5,129,Satec_PM175,68510.0,21.2,16.8,25.0,0.0,8.0,1012.1,0,0
2023-05-27,5,129,Satec_PM175,68299.0,27.7,20.5,36.0,0.0,10.8,1007.2,0,0
2023-05-28,5,129,Satec_PM175,86210.0,25.7,22.6,32.0,0.2,10.8,1006.1,0,0
2023-05-29,5,129,Satec_PM175,87212.0,23.1,19.5,26.0,0.0,6.4,1009.4,0,0
2023-05-30,5,129,Satec_PM175,85480.0,22.1,18.1,26.0,0.0,9.3,1013.8,0,0
2023-05-31,5,129,Satec_PM175,85499.0,21.8,16.9,25.0,0.0,13.6,1014.0,0,0
2023-06-01,5,129,Satec_PM175,83498.0,24.5,18.0,31.0,0.0,10.6,1012.3,0,0
2023-06-02,5,129,Satec_PM175,61169.0,29.8,23.5,41.0,0.0,15.8,1008.6,0,0
2023-06-03,5,129,Satec_PM175,67272.0,24.9,21.7,27.0,0.0,12.4,1012.6,0,0
2023-06-04,5,129,Satec_PM175,85758.0,22.6,19.4,25.0,0.0,13.4,1014.8,0,0
2023-06-05,5,129,Satec_PM175,85963.0,22.3,18.8,25.0,0.0,11.3,1012.7,0,0
2023-06-06,5,129,Satec_PM175,89197.0,22.6,18.3,26.0,0.0,11.9,1011.7,0,0
2023-06-07,5,129,Satec_PM175,94978.0,23.5,19.5,27.0,0.0,13.3,1010.9,0,0
2023-06-08,5,129,Satec_PM175,92877.0,23.8,20.0,27.0,0.0,8.6,1009.5,0,0
2023-06-09,5,129,Satec_PM175,81197.0,27.4,22.5,35.0,0.0,13.2,1005.8,0,0
2023-06-10,5,129,Satec_PM175,78571.0,25.5,22.9,28.0,0.0,13.3,1005.5,0,0
2023-06-11,5,129,Satec_PM175,92215.0,24.2,21.0,28.0,0.0,12.1,1008.1,0,0
2023-06-12,5,129,Satec_PM175,92032.0,23.8,20.2,27.0,0.0,11.4,1007.6,0,0
2023-06-13,5,129,Satec_PM175,94360.0,24.1,20.4,29.0,0.0,12.1,1007.0,0,0
2023-06-14,5,129,Satec_PM175,94138.0,24.4,20.7,27.0,0.0,13.0,1008.4,0,0
2023-06-15,5,129,Satec_PM175,92994.0,24.4,20.4,27.0,0.0,12.5,1010.9,0,0
2023-06-16,5,129,Satec_PM175,81696.0,25.1,20.6,29.0,0.0,10.9,1009.7,0,0
2023-06-17,5,129,Satec_PM175,80017.0,26.5,21.9,35.0,0.0,14.3,1007.0,0,0
2023-06-18,5,129,Satec_PM175,92443.0,24.6,21.7,27.0,0.7,14.0,1010.7,0,0
2023-06-19,5,129,Satec_PM175,89433.0,24.2,20.3,27.0,0.0,13.6,1011.1,0,0
2023-06-20,5,129,Satec_PM175,91703.0,24.3,20.6,27.5,0.2,11.5,1010.8,0,0
2023-06-21,5,129,Satec_PM175,94562.0,25.0,20.8,29.0,0.0,12.2,1009.6,0,0
2023-06-22,5,129,Satec_PM175,93713.0,25.6,21.6,29.0,0.0,11.8,1008.6,0,0
2023-06-23,5,129,Satec_PM175,86263.0,25.9,21.6,29.0,0.0,13.4,1008.7,0,0
2023-06-24,5,129,Satec_PM175,85747.0,26.6,22.7,29.0,0.0,13.3,1008.8,0,0
2023-06-25,5,129,Satec_PM175,96484.0,27.0,22.9,31.0,0.0,11.2,1008.3,0,0
2023-06-26,5,129,Satec_PM175,93739.0,26.0,22.0,30.0,0.0,12.9,1007.1,0,0
2023-06-27,5,129,Satec_PM175,95119.0,25.8,21.9,30.0,0.0,12.0,1007.3,0,0
2023-06-28,5,129,Satec_PM175,96907.0,25.9,22.2,29.0,0.0,11.1,1009.0,0,0
2023-06-29,5,129,Satec_PM175,96478.0,26.3,22.3,30.0,0.0,11.7,1010.0,0,0
2023-06-30,5,129,Satec_PM175,85795.0,26.3,22.4,29.0,0.0,13.2,1008.5,0,0
2023-07-01,5,129,Satec_PM175,86790.0,26.3,22.3,30.0,0.0,13.1,1007.7,0,0
2023-07-02,5,129,Satec_PM175,96809.0,26.3,22.7,29.0,0.0,11.8,1009.4,0,0
2023-07-03,5,129,Satec_PM175,100770.0,26.4,22.2,30.0,0.0,11.2,1010.6,0,0
2023-07-04,5,129,Satec_PM175,101094.0,26.9,23.1,30.0,0.0,11.8,1009.4,0,0
2023-07-05,5,129,Satec_PM175,101853.0,26.9,23.8,31.0,0.0,13.1,1008.0,0,0
2023-07-06,5,129,Satec_PM175,99117.0,26.8,22.8,30.0,0.0,12.7,1007.5,0,0
2023-07-07,5,129,Satec_PM175,88869.0,27.2,23.3,30.0,0.0,11.9,1007.6,0,0
2023-07-08,5,129,Satec_PM175,88693.0,27.1,23.0,31.0,0.0,13.5,1007.1,0,0
2023-07-09,5,129,Satec_PM175,105506.0,27.8,24.1,31.0,0.0,12.9,1005.9,0,0
2023-07-10,5,129,Satec_PM175,108932.0,27.7,23.9,31.0,0.5,11.6,1006.3,0,0
2023-07-11,5,129,Satec_PM175,107334.0,28.2,24.2,32.0,0.0,13.6,1008.3,0,0
2023-07-12,5,129,Satec_PM175,108018.0,28.0,24.5,30.0,0.0,13.9,1010.5,0,0
2023-07-13,5,129,Satec_PM175,108358.0,28.3,25.3,30.0,0.0,13.2,1009.4,0,0
2023-07-14,5,129,Satec_PM175,95236.0,30.1,26.7,35.0,0.0,12.0,1007.1,0,0
2023-07-15,5,129,Satec_PM175,95062.0,29.6,26.0,35.0,0.0,10.7,1006.0,0,0
2023-07-16,5,129,Satec_PM175,113636.0,29.3,24.0,34.0,0.0,11.4,1004.6,0,0
2023-07-17,5,129,Satec_PM175,117240.0,29.5,25.0,35.0,0.0,10.2,1005.5,0,0
2023-07-18,5,129,Satec_PM175,113917.0,29.5,25.0,34.0,0.0,10.6,1004.1,0,0
2023-07-19,5,129,Satec_PM175,114051.0,28.7,24.0,34.0,0.0,11.2,1003.6,0,0
2023-07-20,5,129,Satec_PM175,112565.0,28.6,24.0,33.0,0.0,11.0,1005.0,0,0
2023-07-21,5,129,Satec_PM175,96301.0,28.0,23.0,32.0,0.0,11.0,1007.2,0,0
2023-07-22,5,129,Satec_PM175,98773.0,28.6,24.5,33.0,0.0,11.8,1008.5,0,0
2023-07-23,5,129,Satec_PM175,118697.0,29.6,25.9,33.0,0.0,11.0,1006.4,0,0
2023-07-24,5,129,Satec_PM175,121982.0,30.6,26.8,35.0,0.0,10.3,1003.2,0,0
2023-07-25,5,129,Satec_PM175,124603.0,30.2,26.0,35.0,0.0,11.4,1001.8,0,0
2023-07-26,5,129,Satec_PM175,124116.0,30.2,26.0,34.0,0.0,10.3,1004.4,0,0
2023-07-27,5,129,Satec_PM175,112502.0,29.9,25.0,36.0,0.0,11.0,1006.2,0,0
2023-07-28,5,129,Satec_PM175,97534.0,29.1,24.0,34.0,0.0,10.5,1006.9,0,0
2023-07-29,5,129,Satec_PM175,99308.0,29.2,26.0,33.0,0.0,11.4,1005.8,0,0
2023-07-30,5,129,Satec_PM175,110581.0,28.5,24.9,32.0,0.0,11.9,1004.5,0,0
2023-07-31,5,129,Satec_PM175,116192.0,28.6,24.8,33.0,0.0,12.1,1003.7,0,0
2023-08-01,5,129,Satec_PM175,117645.0,29.1,25.7,33.0,0.0,10.7,1005.3,0,0
2023-08-02,5,129,Satec_PM175,113993.0,28.6,25.0,33.0,0.0,10.9,1008.1,0,0
2023-08-03,5,129,Satec_PM175,109263.0,27.9,24.0,31.0,0.0,11.6,1009.0,0,0
2023-08-04,5,129,Satec_PM175,102195.0,29.1,25.1,33.0,0.0,12.6,1008.3,0,0
2023-08-05,5,129,Satec_PM175,102735.0,29.1,24.8,32.0,0.0,13.0,1007.9,0,0
2023-08-06,5,129,Satec_PM175,113174.0,28.9,25.0,32.0,0.0,11.3,1008.6,0,0
2023-08-07,5,129,Satec_PM175,114638.0,28.3,24.0,32.0,0.0,11.6,1008.1,0,0
2023-08-08,5,129,Satec_PM175,109739.0,28.5,24.5,31.0,0.0,12.7,1006.2,0,0
2023-08-09,5,129,Satec_PM175,110612.0,28.7,23.8,32.0,0.0,11.7,1007.4,0,0
2023-08-10,5,129,Satec_PM175,111763.0,28.6,24.1,32.0,0.0,11.0,1009.9,0,0
2023-08-11,5,129,Satec_PM175,96671.0,28.7,24.8,31.0,0.0,12.9,1010.0,0,0
2023-08-12,5,129,Satec_PM175,103865.0,28.8,25.1,31.0,0.0,15.7,1007.3,0,0
2023-08-13,5,129,Satec_PM175,127238.0,30.4,27.7,32.0,0.0,13.5,1006.7,0,0
2023-08-14,5,129,Satec_PM175,127962.0,30.8,29.1,33.0,0.0,11.1,1008.8,0,0
2023-08-15,5,129,Satec_PM175,122290.0,29.9,28.0,32.0,0.0,11.7,1009.5,0,0
2023-08-16,5,129,Satec_PM175,120372.0,29.5,26.9,31.0,0.0,12.7,1007.6,0,0
2023-08-17,5,129,Satec_PM175,119893.0,29.3,26.2,32.0,0.0,12.1,1006.8,0,0
2023-08-18,5,129,Satec_PM175,101813.0,29.7,26.5,32.0,0.0,11.1,1007.6,0,0
2023-08-19,5,129,Satec_PM175,101237.0,29.3,26.4,32.0,0.0,12.0,1008.3,0,0
2023-08-20,5,129,Satec_PM175,111259.0,28.8,26.4,30.0,0.0,13.1,1007.7,0,0
2023-08-21,5,129,Satec_PM175,107159.0,28.2,25.1,31.0,0.0,11.7,1007.7,0,0
2023-08-22,5,129,Satec_PM175,109135.0,28.3,24.5,30.0,0.0,11.9,1008.3,0,0
2023-08-23,5,129,Satec_PM175,110150.0,28.8,25.1,31.0,0.0,11.7,1009.1,0,0
2023-08-24,5,129,Satec_PM175,107518.0,28.5,24.9,31.0,0.0,12.0,1009.6,0,0
2023-08-25,5,129,Satec_PM175,98124.0,28.5,25.1,31.0,0.1,12.0,1009.0,0,0
2023-08-26,5,129,Satec_PM175,97555.0,28.6,24.8,32.0,0.0,11.8,1008.8,0,0
2023-08-27,5,129,Satec_PM175,108402.0,28.7,25.0,32.0,0.0,11.1,1008.0,0,0
2023-08-28,5,129,Satec_PM175,110536.0,28.4,24.5,31.2,0.5,13.2,1006.7,0,0
2023-08-29,5,129,Satec_PM175,111857.0,28.5,24.9,31.0,2.2,12.5,1005.7,0,0
2023-08-30,5,129,Satec_PM175,113075.0,28.1,24.7,32.0,0.0,11.4,1008.9,0,0
2023-08-31,5,129,Satec_PM175,112711.0,27.9,24.1,31.0,0.0,11.2,1011.5,0,0
2023-09-01,5,129,Satec_PM175,96364.0,28.5,25.5,31.0,0.0,11.7,1011.9,0,0
2023-09-02,5,129,Satec_PM175,93275.0,27.6,23.7,30.0,0.0,11.0,1011.2,0,0
2023-09-03,5,129,Satec_PM175,107579.0,28.1,23.6,31.0,0.6,11.1,1008.9,0,0
2023-09-04,5,129,Satec_PM175,110866.0,27.3,23.4,31.0,0.0,11.4,1006.5,0,0
2023-09-05,5,129,Satec_PM175,111235.0,28.0,23.1,31.0,0.0,10.7,1008.2,0,0
2023-09-06,5,129,Satec_PM175,111644.0,28.3,23.8,33.0,0.0,11.9,1011.1,0,0
2023-09-07,5,129,Satec_PM175,108693.0,28.0,24.0,31.0,0.0,10.5,1010.3,0,0
2023-09-08,5,129,Satec_PM175,96220.0,28.0,22.0,33.0,0.0,10.4,1007.6,0,0
2023-09-09,5,129,Satec_PM175,98167.0,28.8,25.7,32.0,0.0,11.4,1009.3,0,0
2023-09-10,5,129,Satec_PM175,111028.0,27.9,23.9,31.0,0.7,11.6,1008.1,0,0
2023-09-11,5,129,Satec_PM175,108106.0,27.2,22.6,31.0,0.0,11.5,1006.3,0,0
2023-09-12,5,129,Satec_PM175,106649.0,28.9,23.7,34.0,0.0,11.7,1005.7,0,0
2023-09-13,5,129,Satec_PM175,108915.0,28.5,24.4,32.0,0.0,13.0,1008.9,0,0
2023-09-14,5,129,Satec_PM175,103672.0,27.6,22.8,31.0,0.0,11.5,1010.5,0,0
2023-09-15,5,129,Satec_PM175,84099.0,26.1,22.0,30.0,0.0,9.9,1011.0,0,1
2023-09-16,5,129,Satec_PM175,78827.0,25.8,20.7,30.0,0.0,10.8,1010.7,1,0
2023-09-17,5,129,Satec_PM175,85219.0,26.1,21.0,31.0,0.0,10.5,1009.1,1,0
2023-09-18,5,129,Satec_PM175,104145.0,26.6,21.6,30.0,0.0,9.5,1008.4,0,0
2023-09-19,5,129,Satec_PM175,99968.0,25.9,21.4,31.0,0.0,9.4,1009.1,0,0
2023-09-20,5,129,Satec_PM175,101239.0,26.0,21.3,30.0,0.0,10.1,1011.1,0,0
2023-09-21,5,129,Satec_PM175,102444.0,26.7,22.1,30.0,0.0,11.2,1011.2,0,0
2023-09-22,5,129,Satec_PM175,93474.0,26.9,22.8,30.0,0.0,10.2,1012.1,0,0
2023-09-23,5,129,Satec_PM175,93697.0,26.6,22.1,30.0,0.0,11.4,1010.9,0,0
2023-09-24,5,129,Satec_PM175,93172.0,26.9,23.0,32.0,0.0,7.8,1009.7,0,1
2023-09-25,5,129,Satec_PM175,91259.0,25.8,20.7,30.4,0.0,9.5,1010.3,1,0
2023-09-26,5,129,Satec_PM175,104964.0,26.4,21.9,31.0,0.0,9.3,1009.5,0,0
2023-09-27,5,129,Satec_PM175,103324.0,26.0,21.7,31.0,0.0,10.2,1011.3,0,0
2023-09-28,5,129,Satec_PM175,106982.0,26.4,21.5,30.0,0.0,11.6,1013.3,0,0
2023-09-29,5,129,Satec_PM175,97554.0,26.6,23.1,30.0,0.0,9.4,1014.7,0,1
2023-09-30,5,129,Satec_PM175,89380.0,25.8,20.6,30.0,0.0,9.8,1014.3,1,0
2023-10-01,5,129,Satec_PM175,100757.0,26.7,22.2,29.0,0.8,9.3,1012.8,0,1
2023-10-02,5,129,Satec_PM175,98580.0,25.5,21.4,29.0,0.6,10.9,1012.7,0,1
2023-10-03,5,129,Satec_PM175,98148.0,25.0,20.1,30.0,0.3,11.0,1014.3,0,1
2023-10-04,5,129,Satec_PM175,98695.0,24.4,19.7,29.0,0.0,10.0,1016.4,0,1
2023-10-05,5,129,Satec_PM175,97062.0,25.6,21.3,29.0,0.0,15.1,1015.8,0,1
2023-10-06,5,129,Satec_PM175,85844.0,25.8,21.6,29.0,0.0,13.4,1014.6,1,0
2023-10-07,5,129,Satec_PM175,73244.0,24.6,19.2,28.0,0.0,9.6,1015.1,0,0
2023-10-08,5,129,Satec_PM175,95483.0,24.7,19.6,29.0,0.0,10.3,1015.3,0,0
2023-10-09,5,129,Satec_PM175,96462.0,24.3,19.7,28.0,0.0,9.0,1015.0,0,0
2023-10-10,5,129,Satec_PM175,96422.0,24.8,20.3,28.0,2.2,9.4,1013.0,0,0
2023-10-11,5,129,Satec_PM175,91145.0,23.7,18.4,28.0,0.3,9.6,1013.3,0,0
2023-10-12,5,129,Satec_PM175,92259.0,23.6,17.4,28.0,0.0,9.5,1016.2,0,0
2023-10-13,5,129,Satec_PM175,80847.0,23.5,18.3,28.0,0.0,8.4,1017.3,0,0
2023-10-14,5,129,Satec_PM175,80228.0,23.6,18.7,28.0,0.0,10.1,1014.4,0,0
2023-10-15,5,129,Satec_PM175,88939.0,23.2,17.9,26.0,14.8,12.5,1012.5,0,0
2023-10-16,5,129,Satec_PM175,86754.0,23.0,16.9,28.0,2.4,11.9,1013.3,0,0
2023-10-17,5,129,Satec_PM175,85807.0,22.1,16.3,27.0,0.0,8.7,1015.1,0,0
2023-10-18,5,129,Satec_PM175,83511.0,22.2,16.8,27.0,0.6,8.8,1014.5,0,0
2023-10-19,5,129,Satec_PM175,87590.0,23.1,17.0,28.0,0.6,10.8,1015.1,0,0
2023-10-20,5,129,Satec_PM175,77726.0,22.1,16.5,27.0,0.0,10.3,1016.8,0,0
2023-10-21,5,129,Satec_PM175,74551.0,22.8,16.4,29.0,0.0,13.6,1015.9,0,0
2023-10-22,5,129,Satec_PM175,90354.0,25.4,20.5,34.0,0.0,13.9,1014.0,0,0
2023-10-23,5,129,Satec_PM175,90571.0,24.2,18.5,30.0,0.0,9.2,1013.5,0,0
2023-10-24,5,129,Satec_PM175,99214.0,23.9,19.0,28.0,0.0,9.4,1012.2,0,0
2023-10-25,5,129,Satec_PM175,93695.0,24.9,20.0,33.0,0.0,11.9,1013.0,0,0
2023-10-26,5,129,Satec_PM175,91513.0,27.0,20.1,36.0,0.0,13.8,1012.5,0,0
2023-10-27,5,129,Satec_PM175,79307.0,26.3,21.8,32.0,0.0,9.6,1011.5,0,0
2023-10-28,5,129,Satec_PM175,83823.0,25.0,20.0,31.0,0.0,8.2,1012.4,0,0
2023-10-29,5,129,Satec_PM175,89689.0,25.9,20.8,31.0,0.0,10.1,1013.0,0,0
2023-10-30,5,129,Satec_PM175,88192.0,27.2,22.2,33.0,0.0,15.6,1014.2,0,0
2023-10-31,5,129,Satec_PM175,86478.0,26.3,21.0,33.0,0.0,14.9,1013.8,0,0
2023-11-01,5,129,Satec_PM175,91808.0,25.6,20.1,32.0,0.7,11.2,1013.6,0,0
2023-11-02,5,129,Satec_PM175,92619.0,23.7,18.3,29.0,0.0,9.1,1014.4,0,0
2023-11-03,5,129,Satec_PM175,78539.0,22.4,17.8,27.0,0.0,8.2,1015.3,0,0
2023-11-04,5,129,Satec_PM175,75668.0,22.4,16.4,29.0,0.0,11.2,1014.3,0,0
2023-11-05,5,129,Satec_PM175,85516.0,22.6,16.7,28.0,0.0,11.0,1014.4,0,0
2023-11-06,5,129,Satec_PM175,87800.0,21.7,16.2,28.0,0.0,8.6,1017.3,0,0
2023-11-07,5,129,Satec_PM175,87162.0,21.6,16.0,26.0,0.0,9.1,1018.7,0,0
2023-11-08,5,129,Satec_PM175,84937.0,21.4,16.2,26.0,0.0,8.6,1017.2,0,0
2023-11-09,5,129,Satec_PM175,83209.0,21.1,16.1,26.0,0.0,9.1,1016.1,0,0
2023-11-10,5,129,Satec_PM175,74044.0,21.6,17.1,26.0,0.0,9.2,1017.0,0,0
2023-11-11,5,129,Satec_PM175,71033.0,21.4,16.0,26.0,0.0,9.0,1016.6,0,0
2023-11-12,5,129,Satec_PM175,75618.0,21.4,17.9,25.0,0.5,14.6,1016.1,0,0
2023-11-13,5,129,Satec_PM175,85991.0,23.1,18.1,29.0,0.0,12.0,1015.0,0,0
2023-11-14,5,129,Satec_PM175,85343.0,21.1,16.5,27.0,5.9,9.0,1012.8,0,0
2023-11-15,5,129,Satec_PM175,78469.0,19.9,15.6,25.0,0.0,7.2,1014.6,0,0
2023-11-16,5,129,Satec_PM175,80086.0,20.4,14.6,26.0,0.0,11.1,1016.5,0,0
2023-11-17,5,129,Satec_PM175,74655.0,20.9,16.2,26.0,1.2,7.5,1016.5,0,0
2023-11-18,5,129,Satec_PM175,71473.0,20.9,16.2,26.0,3.2,8.7,1013.0,0,0
2023-11-19,5,129,Satec_PM175,73002.0,17.5,14.2,19.5,77.6,17.7,1005.9,0,0
2023-11-20,5,129,Satec_PM175,69432.0,18.2,13.7,21.0,6.4,22.5,1009.9,0,0
2023-11-21,5,129,Satec_PM175,70047.0,18.1,12.6,23.0,0.0,10.2,1017.6,0,0
2023-11-22,5,129,Satec_PM175,64519.0,18.2,12.9,24.0,0.0,21.5,1017.6,0,0
2023-11-23,5,129,Satec_PM175,65001.0,20.2,14.0,25.0,0.0,19.4,1014.6,0,0
2023-11-24,5,129,Satec_PM175,57737.0,18.7,14.0,25.0,0.0,11.0,1012.1,0,0
2023-11-25,5,129,Satec_PM175,58763.0,18.7,15.1,23.0,0.0,16.7,1008.5,0,0
2023-11-26,5,129,Satec_PM175,70707.0,20.4,16.8,24.0,0.4,21.7,1009.8,0,0
2023-11-27,5,129,Satec_PM175,70047.0,17.8,11.2,21.0,5.2,21.5,1015.2,0,0
2023-11-28,5,129,Satec_PM175,67213.0,15.5,10.2,20.0,0.0,9.5,1019.8,0,0
2023-11-29,5,129,Satec_PM175,65871.0,16.6,11.0,23.0,0.0,12.9,1018.4,0,0
2023-11-30,5,129,Satec_PM175,68671.0,18.0,13.2,23.0,0.0,11.5,1018.8,0,0
2023-12-01,5,129,Satec_PM175,64627.0,16.8,11.3,22.0,0.0,10.0,1020.4,0,0
2023-12-02,5,129,Satec_PM175,61957.0,17.6,11.7,24.0,0.0,9.2,1019.5,0,0
2023-12-03,5,129,Satec_PM175,69783.0,19.8,12.8,26.0,0.0,16.4,1018.0,0,0
2023-12-04,5,129,Satec_PM175,74050.0,22.3,16.1,28.0,0.0,17.7,1015.8,0,0
2023-12-05,5,129,Satec_PM175,77572.0,20.4,13.6,26.0,7.0,10.1,1013.5,0,0
2023-12-06,5,129,Satec_PM175,79404.0,18.6,15.0,23.0,9.0,11.0,1014.6,0,0
2023-12-07,5,129,Satec_PM175,81029.0,17.9,14.0,22.0,1.3,10.2,1017.1,0,0
2023-12-08,5,129,Satec_PM175,70538.0,18.2,13.4,24.0,0.2,10.6,1012.2,0,0
2023-12-09,5,129,Satec_PM175,66401.0,16.2,12.9,20.0,6.3,10.4,1013.3,0,0
2023-12-10,5,129,Satec_PM175,72924.0,16.8,10.7,22.0,0.0,12.4,1016.5,0,0
2023-12-11,5,129,Satec_PM175,76165.0,17.4,12.4,23.0,0.0,11.5,1013.6,0,0
2023-12-12,5,129,Satec_PM175,74801.0,16.3,11.5,22.0,1.0,9.4,1013.6,0,0
2023-12-13,5,129,Satec_PM175,75494.0,16.5,12.1,21.0,9.1,11.8,1015.3,0,0
2023-12-14,5,129,Satec_PM175,73459.0,16.4,11.3,21.0,0.0,6.6,1021.2,0,0
2023-12-15,5,129,Satec_PM175,63936.0,16.3,11.8,22.0,0.0,13.6,1022.0,0,0
2023-12-16,5,129,Satec_PM175,60091.0,17.3,11.5,22.0,0.0,17.6,1020.6,0,0
2023-12-17,5,129,Satec_PM175,70623.0,16.5,9.9,22.0,0.0,8.2,1021.6,0,0
2023-12-18,5,129,Satec_PM175,68959.0,16.3,11.6,22.0,0.0,9.7,1020.6,0,0
2023-12-19,5,129,Satec_PM175,65336.0,14.9,10.6,21.0,0.0,11.3,1019.6,0,0
2023-12-20,5,129,Satec_PM175,64512.0,15.5,8.8,20.0,0.0,21.5,1017.1,0,0
2023-12-21,5,129,Satec_PM175,65031.0,16.3,11.5,19.0,0.3,24.8,1011.6,0,0
2023-12-22,5,129,Satec_PM175,61828.0,16.2,13.8,19.0,50.5,22.6,1009.3,0,0
2023-12-23,5,129,Satec_PM175,61745.0,17.0,14.5,19.0,70.8,20.3,1010.6,0,0
2023-12-24,5,129,Satec_PM175,70357.0,16.9,12.2,21.0,1.3,8.8,1017.0,0,0
2023-12-25,5,129,Satec_PM175,69081.0,15.4,10.9,22.0,0.1,7.0,1021.5,0,0
2023-12-26,5,129,Satec_PM175,70005.0,16.7,10.2,22.0,0.0,13.3,1021.6,0,0
2023-12-27,5,129,Satec_PM175,68716.0,18.9,14.6,22.0,0.3,22.8,1017.6,0,0
2023-12-28,5,129,Satec_PM175,71449.0,16.9,11.9,21.0,0.0,10.0,1020.0,0,0
2023-12-29,5,129,Satec_PM175,60371.0,16.2,11.4,22.0,0.0,11.4,1021.7,0,0
2023-12-30,5,129,Satec_PM175,58735.0,15.7,10.8,22.0,0.0,9.2,1021.4,0,0
2023-12-31,5,129,Satec_PM175,66430.0,15.9,10.7,22.0,0.0,10.4,1019.8,0,0
2024-01-01,5,129,Satec_PM175,66667.0,15.2,9.7,22.0,0.0,7.4,1020.3,0,0
2024-01-02,5,129,Satec_PM175,67663.0,15.3,10.9,20.0,0.4,6.8,1019.6,0,0
2024-01-03,5,129,Satec_PM175,72536.0,15.6,11.6,21.0,1.9,7.5,1019.9,0,0
2024-01-04,5,129,Satec_PM175,72581.0,16.0,11.7,21.0,0.0,8.0,1019.1,0,0
2024-01-05,5,129,Satec_PM175,63949.0,16.2,11.4,21.0,1.5,9.5,1019.7,0,0
2024-01-06,5,129,Satec_PM175,64532.0,17.1,13.2,22.0,0.0,9.7,1021.5,0,0
2024-01-07,5,129,Satec_PM175,67849.0,17.5,10.7,24.0,0.0,16.4,1018.0,0,0
2024-01-08,5,129,Satec_PM175,68758.0,16.5,11.8,24.0,0.0,9.2,1017.5,0,0
2024-01-09,5,129,Satec_PM175,69637.0,15.7,10.0,21.0,0.0,9.8,1015.2,0,0
2024-01-10,5,129,Satec_PM175,68419.0,15.4,11.7,20.0,13.4,13.4,1015.1,0,0
2024-01-11,5,129,Satec_PM175,69710.0,14.6,11.2,18.0,28.8,13.8,1014.7,0,0
2024-01-12,5,129,Satec_PM175,61900.0,15.4,11.8,19.0,28.0,17.4,1013.0,0,0
2024-01-13,5,129,Satec_PM175,58191.0,15.7,12.6,18.0,20.8,19.4,1010.0,0,0
2024-01-14,5,129,Satec_PM175,69743.0,14.9,10.6,19.0,23.6,10.5,1014.5,0,0
2024-01-15,5,129,Satec_PM175,69172.0,13.0,9.3,17.0,3.8,9.6,1021.7,0,0
2024-01-16,5,129,Satec_PM175,67306.0,13.8,9.5,20.0,0.0,9.9,1022.3,0,0
2024-01-17,5,129,Satec_PM175,68642.0,13.5,9.9,18.0,0.0,8.8,1020.6,0,0
2024-01-18,5,129,Satec_PM175,69665.0,14.1,9.5,20.0,0.0,8.1,1021.6,0,0
2024-01-19,5,129,Satec_PM175,61715.0,14.5,9.8,20.0,0.0,7.6,1021.0,0,0
2024-01-20,5,129,Satec_PM175,61053.0,14.5,9.2,22.0,0.0,7.9,1020.5,0,0
2024-01-21,5,129,Satec_PM175,68219.0,15.6,11.7,21.0,0.0,11.1,1016.4,0,0
2024-01-22,5,129,Satec_PM175,71678.0,16.9,11.9,23.0,0.7,13.5,1013.8,0,0
2024-01-23,5,129,Satec_PM175,75005.0,16.0,11.1,20.0,12.8,16.7,1015.5,0,0
2024-01-24,5,129,Satec_PM175,70371.0,13.6,9.8,18.0,13.4,7.9,1018.0,0,0
2024-01-25,5,129,Satec_PM175,68596.0,13.2,10.2,17.0,4.2,10.0,1017.4,0,0
2024-01-26,5,129,Satec_PM175,59206.0,13.5,9.4,17.0,25.6,13.8,1013.7,0,0
2024-01-27,5,129,Satec_PM175,54442.0,11.9,7.3,16.0,5.7,13.7,1016.4,0,0
2024-01-28,5,129,Satec_PM175,65894.0,11.6,7.2,16.0,11.8,10.4,1019.2,0,0
2024-01-29,5,129,Satec_PM175,66594.0,10.9,8.7,14.0,10.3,11.5,1017.6,0,0
2024-01-30,5,129,Satec_PM175,65807.0,10.6,9.0,12.0,30.4,18.1,1017.8,0,0
2024-01-31,5,129,Satec_PM175,65685.0,10.0,6.3,12.3,7.6,14.7,1021.0,0,0
2024-02-01,5,129,Satec_PM175,64706.0,9.4,6.0,13.0,5.5,11.0,1019.4,0,0
2024-02-02,5,129,Satec_PM175,56826.0,11.7,9.1,17.0,2.5,13.1,1018.5,0,0
2024-02-03,5,129,Satec_PM175,57828.0,12.0,9.1,16.0,6.4,12.6,1021.6,0,0
2024-02-04,5,129,Satec_PM175,69923.0,12.1,9.6,16.0,11.2,12.4,1022.5,0,0
2024-02-05,5,129,Satec_PM175,71991.0,13.2,9.3,17.0,8.0,11.5,1022.0,0,0
2024-02-06,5,129,Satec_PM175,68268.0,14.8,10.5,19.0,0.2,7.3,1024.4,0,0
2024-02-07,5,129,Satec_PM175,72822.0,14.8,9.5,20.0,0.0,8.2,1024.6,0,0
2024-02-08,5,129,Satec_PM175,69437.0,16.0,9.8,23.0,0.0,10.6,1019.8,0,0
2024-02-09,5,129,Satec_PM175,59673.0,14.2,8.9,20.0,0.8,7.2,1017.2,0,0
2024-02-10,5,129,Satec_PM175,58493.0,14.2,9.6,19.0,0.2,8.7,1019.2,0,0
2024-02-11,5,129,Satec_PM175,66814.0,14.0,7.7,21.0,0.0,9.2,1021.8,0,0
2024-02-12,5,129,Satec_PM175,67236.0,16.8,10.8,22.0,0.0,17.7,1017.0,0,0
2024-02-13,5,129,Satec_PM175,69157.0,18.0,14.3,22.0,1.5,16.6,1009.3,0,0
2024-02-14,5,129,Satec_PM175,70416.0,14.4,11.2,17.2,8.7,11.7,1008.9,0,0
2024-02-15,5,129,Satec_PM175,69411.0,12.8,9.7,17.0,4.4,11.1,1011.4,0,0
2024-02-16,5,129,Satec_PM175,58656.0,11.6,9.7,14.0,9.0,14.5,1014.1,0,0
2024-02-17,5,129,Satec_PM175,58905.0,12.9,10.1,16.0,5.2,14.0,1019.2,0,0
2024-02-18,5,129,Satec_PM175,69951.0,13.8,10.1,19.0,10.4,9.6,1020.8,0,0
2024-02-19,5,129,Satec_PM175,69526.0,14.0,9.1,18.0,6.5,10.7,1018.2,0,0
2024-02-20,5,129,Satec_PM175,68567.0,12.2,8.3,18.0,0.7,7.8,1019.8,0,0
2024-02-21,5,129,Satec_PM175,68188.0,13.5,8.3,19.0,0.0,9.3,1020.6,0,0
2024-02-22,5,129,Satec_PM175,67726.0,14.2,8.7,19.0,0.0,8.7,1019.7,0,0
2024-02-23,5,129,Satec_PM175,59414.0,14.1,9.6,18.0,0.0,8.6,1019.6,0,0
2024-02-24,5,129,Satec_PM175,60999.0,15.2,11.2,19.0,0.0,9.5,1018.8,0,0
2024-02-25,5,129,Satec_PM175,70780.0,14.5,9.6,19.0,0.1,8.9,1019.5,0,0
2024-02-26,5,129,Satec_PM175,71271.0,15.3,9.4,23.0,0.0,10.5,1013.8,0,0
2024-02-27,5,129,Satec_PM175,60787.0,15.7,11.3,20.0,0.0,16.9,1014.4,0,0
2024-02-28,5,129,Satec_PM175,64432.0,15.1,9.8,21.0,0.0,15.4,1020.0,0,0
2024-02-29,5,129,Satec_PM175,62861.0,16.0,10.9,22.0,0.0,20.6,1020.7,0,0
2024-03-01,5,129,Satec_PM175,53564.0,16.4,11.6,22.0,0.0,25.8,1016.0,0,0
2024-03-02,5,129,Satec_PM175,55237.0,17.4,13.1,23.0,3.9,22.1,1012.0,0,0
2024-03-03,5,129,Satec_PM175,69174.0,16.4,11.9,19.0,9.8,13.7,1014.5,0,0
2024-03-04,5,129,Satec_PM175,70958.0,15.0,10.5,20.0,0.7,7.8,1015.9,0,0
2024-03-05,5,129,Satec_PM175,68052.0,15.1,9.8,21.0,0.0,8.7,1015.8,0,0
2024-03-06,5,129,Satec_PM175,68707.0,15.6,11.0,21.0,2.7,10.4,1014.6,0,0
2024-03-07,5,129,Satec_PM175,67481.0,15.7,11.1,19.0,2.3,9.4,1017.0,0,0
2024-03-08,5,129,Satec_PM175,53584.0,15.2,10.4,20.0,1.2,8.3,1017.4,0,0
2024-03-09,5,129,Satec_PM175,51226.0,15.1,10.6,19.0,2.4,8.8,1016.4,0,0
2024-03-10,5,129,Satec_PM175,61138.0,14.4,9.5,19.0,0.0,8.9,1016.3,0,0
2024-03-11,5,129,Satec_PM175,62307.0,14.9,9.4,19.0,0.0,12.0,1021.6,0,0
2024-03-12,5,129,Satec_PM175,68036.0,18.0,10.4,27.0,0.0,16.0,1018.2,0,0
2024-03-13,5,129,Satec_PM175,71246.0,19.4,14.5,27.0,0.0,14.8,1013.4,0,0
2024-03-14,5,129,Satec_PM175,71599.0,16.6,13.0,20.0,0.5,8.7,1015.3,0,0
2024-03-15,5,129,Satec_PM175,61395.0,15.2,10.6,19.0,1.2,8.9,1017.0,0,0
2024-03-16,5,129,Satec_PM175,58181.0,14.9,9.1,19.0,1.3,8.9,1018.2,0,0
2024-03-17,5,129,Satec_PM175,67253.0,16.6,11.8,21.0,0.1,14.2,1012.2,0,0
2024-03-18,5,129,Satec_PM175,72765.0,17.8,14.5,21.0,8.1,14.9,1006.6,0,0
2024-03-19,5,129,Satec_PM175,71394.0,14.9,12.6,18.0,11.0,14.1,1010.6,0,0
2024-03-20,5,129,Satec_PM175,72575.0,15.8,11.7,20.0,3.4,12.1,1016.1,0,0
2024-03-21,5,129,Satec_PM175,70132.0,17.3,12.3,24.0,0.8,11.3,1013.8,0,0
2024-03-22,5,129,Satec_PM175,56464.0,16.0,12.1,19.0,1.0,12.5,1012.7,0,0
2024-03-23,5,129,Satec_PM175,54603.0,14.8,10.4,18.0,0.0,9.5,1012.2,0,0
2024-03-24,5,129,Satec_PM175,62756.0,15.0,11.3,18.0,0.1,12.4,1009.7,0,1
2024-03-25,5,129,Satec_PM175,67160.0,15.8,10.7,20.0,0.0,12.3,1015.8,0,0
2024-03-26,5,129,Satec_PM175,34342.0,16.9,10.5,22.0,0.0,15.3,1018.2,0,0
2024-03-28,5,129,Satec_PM175,42708.0,21.7,16.6,31.0,0.0,12.5,1014.4,0,0
2024-03-29,5,129,Satec_PM175,66617.0,21.3,17.6,26.0,0.0,8.6,1011.9,0,0
2024-03-30,5,129,Satec_PM175,68425.0,20.6,16.0,29.0,0.0,9.8,1015.5,0,0
2024-03-31,5,129,Satec_PM175,79896.0,23.2,17.4,32.0,0.0,13.9,1018.3,0,0
2024-04-01,5,129,Satec_PM175,76000.0,23.5,18.3,31.0,0.0,12.6,1016.4,0,0
2024-04-02,5,129,Satec_PM175,79134.0,22.5,18.8,30.0,0.0,10.8,1012.6,0,0
2024-04-03,5,129,Satec_PM175,81675.0,21.1,17.2,27.0,0.0,9.4,1013.1,0,0
2024-04-04,5,129,Satec_PM175,79343.0,19.6,15.3,27.0,0.0,7.4,1015.1,0,0
2024-04-05,5,129,Satec_PM175,68043.0,18.9,15.0,25.0,0.0,8.2,1015.3,0,0
2024-04-06,5,129,Satec_PM175,65944.0,18.5,14.4,22.0,0.1,9.3,1013.4,0,0
2024-04-07,5,129,Satec_PM175,76162.0,18.8,14.0,23.0,0.2,10.9,1010.0,0,0
2024-04-08,5,129,Satec_PM175,76707.0,18.7,14.5,24.0,1.5,12.0,1009.1,0,0
2024-04-09,5,129,Satec_PM175,75775.0,17.7,14.9,21.0,2.6,14.3,1009.0,0,0
2024-04-10,5,129,Satec_PM175,77135.0,17.6,14.2,21.0,9.7,13.9,1012.2,0,0
2024-04-11,5,129,Satec_PM175,77524.0,18.7,14.2,23.0,0.6,9.9,1015.9,0,0
2024-04-12,5,129,Satec_PM175,66883.0,18.5,14.5,22.0,0.0,8.9,1015.8,0,0
2024-04-13,5,129,Satec_PM175,67713.0,18.8,13.4,22.0,0.1,11.0,1014.7,0,0
2024-04-14,5,129,Satec_PM175,76082.0,19.5,15.0,23.0,0.0,11.0,1013.0,0,0
2024-04-15,5,129,Satec_PM175,79305.0,20.0,14.8,23.0,0.0,10.2,1013.8,0,0
2024-04-16,5,129,Satec_PM175,81243.0,20.4,15.3,24.0,0.0,9.5,1014.8,0,0
2024-04-17,5,129,Satec_PM175,80428.0,24.7,18.8,33.0,0.0,13.1,1009.7,0,0
2024-04-18,5,129,Satec_PM175,78153.0,23.2,18.8,26.0,0.0,13.3,1009.9,0,0
2024-04-19,5,129,Satec_PM175,67889.0,20.0,16.2,23.0,0.4,10.5,1012.6,0,0
2024-04-20,5,129,Satec_PM175,67041.0,18.7,13.8,22.0,0.0,9.2,1011.2,0,0
2024-04-21,5,129,Satec_PM175,72757.0,19.6,15.9,22.0,0.6,11.6,1014.8,0,0
2024-04-22,5,129,Satec_PM175,61862.0,19.0,13.6,23.0,0.0,10.1,1018.5,0,1
2024-04-23,5,129,Satec_PM175,65198.0,22.0,16.6,27.0,0.0,11.3,1016.0,1,0
2024-04-24,5,129,Satec_PM175,76930.0,28.2,20.8,39.0,0.0,16.9,1010.0,0,1
2024-04-25,5,129,Satec_PM175,80635.0,30.6,23.0,40.0,0.0,18.7,1005.3,0,1
2024-04-26,5,129,Satec_PM175,67414.0,23.3,21.4,26.0,0.0,9.9,1007.5,0,0
2024-04-27,5,129,Satec_PM175,66747.0,22.1,20.1,25.0,0.4,10.1,1008.9,0,0
2024-04-28,5,129,Satec_PM175,67328.0,22.4,19.4,26.0,0.0,10.5,1010.9,0,1
2024-04-29,5,129,Satec_PM175,66635.0,21.6,19.0,24.0,0.0,10.7,1011.0,0,1
2024-04-30,5,129,Satec_PM175,78853.0,21.6,18.8,25.0,0.0,11.7,1009.4,0,1
2024-05-01,5,129,Satec_PM175,82812.0,21.6,17.6,25.0,0.3,11.1,1009.2,1,0
2024-05-02,5,129,Satec_PM175,79717.0,21.6,18.6,25.0,0.0,11.6,1009.3,0,0
2024-05-03,5,129,Satec_PM175,44563.0,21.5,18.7,24.0,0.0,13.3,1009.4,0,0
2024-05-04,5,129,Satec_PM175,62147.0,21.7,17.7,25.0,0.0,14.8,1011.0,0,0
2024-05-05,5,129,Satec_PM175,71418.0,19.7,15.9,23.0,0.8,14.5,1009.1,0,0
2024-05-06,5,129,Satec_PM175,73318.0,19.5,14.9,23.0,2.8,11.6,1010.6,0,0
2024-05-07,5,129,Satec_PM175,73631.0,20.0,14.9,24.0,0.0,11.6,1014.5,0,0
2024-05-08,5,129,Satec_PM175,73561.0,19.2,13.1,23.0,0.0,11.2,1015.8,0,0
2024-05-09,5,129,Satec_PM175,78626.0,24.1,16.8,35.0,0.0,14.4,1010.0,0,0
2024-05-10,5,129,Satec_PM175,71075.0,28.3,20.4,38.0,0.0,14.8,1006.9,0,0
2024-05-11,5,129,Satec_PM175,68164.0,23.4,19.3,26.0,0.0,12.3,1009.7,0,0
2024-05-12,5,129,Satec_PM175,78358.0,20.7,15.8,24.0,1.5,11.6,1011.7,0,1
2024-05-13,5,129,Satec_PM175,67968.0,20.7,17.9,23.0,1.6,14.9,1011.5,1,0
2024-05-14,5,129,Satec_PM175,65169.0,20.8,16.2,24.0,0.4,10.0,1012.1,1,0
2024-05-15,5,129,Satec_PM175,77012.0,20.2,15.6,25.0,0.0,10.2,1014.6,0,0
2024-05-16,5,129,Satec_PM175,79552.0,20.4,15.2,24.0,0.0,11.2,1017.8,0,0
2024-05-17,5,129,Satec_PM175,71183.0,21.3,16.9,24.0,0.0,9.3,1018.3,0,0
2024-05-18,5,129,Satec_PM175,69510.0,23.1,18.9,27.0,0.0,8.7,1015.2,0,0
2024-05-19,5,129,Satec_PM175,83152.0,23.6,19.0,29.0,0.0,9.8,1011.8,0,0
2024-05-20,5,129,Satec_PM175,85045.0,26.2,20.0,34.0,0.0,9.1,1009.0,0,0
2024-05-21,5,129,Satec_PM175,90268.0,24.7,21.0,28.0,0.0,10.7,1010.5,0,0
2024-05-22,5,129,Satec_PM175,91084.0,24.9,20.0,31.0,0.0,8.8,1011.4,0,0
2024-05-23,5,129,Satec_PM175,91759.0,26.6,21.0,34.0,0.0,8.6,1010.5,0,0
2024-05-24,5,129,Satec_PM175,73970.0,23.2,19.7,26.0,0.0,15.4,1010.8,0,0
2024-05-25,5,129,Satec_PM175,72880.0,22.8,19.4,26.0,0.3,14.0,1010.3,0,0
2024-05-26,5,129,Satec_PM175,83658.0,22.3,17.9,26.4,0.0,10.4,1012.2,0,0
2024-05-27,5,129,Satec_PM175,87029.0,25.9,19.3,35.7,0.0,20.3,1008.2,0,0
2024-05-28,5,129,Satec_PM175,84927.0,23.3,20.7,25.6,0.0,10.8,1011.6,0,0
2024-05-29,5,129,Satec_PM175,83254.0,23.0,20.1,25.0,0.0,12.4,1011.7,0,0
2024-05-30,5,129,Satec_PM175,82732.0,23.1,19.2,25.5,0.0,11.8,1012.8,0,0
2024-05-31,5,129,Satec_PM175,71306.0,22.7,18.7,24.7,0.0,11.7,1016.1,0,0
2024-06-01,5,129,Satec_PM175,74017.0,23.0,18.5,25.2,0.0,13.4,1016.6,0,0
2024-06-02,5,129,Satec_PM175,94086.0,25.0,22.2,27.2,0.0,14.5,1012.0,0,0
2024-06-03,5,129,Satec_PM175,99210.0,26.2,24.1,28.2,0.0,13.0,1007.9,0,0
2024-06-04,5,129,Satec_PM175,98999.0,27.0,22.6,31.2,0.0,10.1,1007.4,0,0
2024-06-05,5,129,Satec_PM175,100589.0,27.0,22.2,32.1,0.0,9.7,1007.0,0,0
2024-06-06,5,129,Satec_PM175,103832.0,26.6,22.5,31.5,0.0,10.7,1007.0,0,0
2024-06-07,5,129,Satec_PM175,88432.0,28.2,23.6,33.6,0.0,11.0,1006.5,0,0
2024-06-08,5,129,Satec_PM175,87683.0,28.3,22.9,34.7,0.0,9.3,1004.1,0,0
2024-06-09,5,129,Satec_PM175,100404.0,27.2,25.1,29.7,0.0,12.6,1005.1,0,0
2024-06-10,5,129,Satec_PM175,102925.0,26.7,23.5,29.7,0.0,11.9,1008.0,0,0
2024-06-11,5,129,Satec_PM175,91898.0,26.8,22.7,30.2,0.0,10.7,1009.4,0,0
2024-06-12,5,129,Satec_PM175,90428.0,27.4,25.0,30.9,0.0,11.8,1010.3,1,0
2024-06-13,5,129,Satec_PM175,108571.0,27.5,25.6,29.4,0.0,12.2,1010.1,0,0
2024-06-14,5,129,Satec_PM175,99841.0,28.4,25.7,30.5,0.0,11.4,1007.3,0,0
2024-06-15,5,129,Satec_PM175,98841.0,30.4,27.7,35.5,0.0,10.5,1004.9,0,0
2024-06-16,5,129,Satec_PM175,104126.0,28.0,24.0,31.1,0.0,10.5,1007.1,0,0
2024-06-17,5,129,Satec_PM175,100091.0,27.0,23.0,30.0,0.0,10.9,1009.2,0,0
2024-06-18,5,129,Satec_PM175,99548.0,25.9,21.6,28.4,0.0,11.8,1008.8,0,0
2024-06-19,5,129,Satec_PM175,105659.0,27.3,25.7,29.2,0.0,13.1,1007.8,0,0
2024-06-20,5,129,Satec_PM175,106862.0,27.8,26.6,29.5,0.0,13.5,1007.1,0,0
2024-06-21,5,129,Satec_PM175,92868.0,28.2,25.7,32.5,0.0,11.1,1006.2,0,0
2024-06-22,5,129,Satec_PM175,89581.0,27.4,23.7,29.9,0.0,10.3,1003.8,0,0
2024-06-23,5,129,Satec_PM175,105819.0,28.0,24.7,30.9,0.1,12.1,1003.6,0,0
2024-06-24,5,129,Satec_PM175,109144.0,28.6,26.7,31.4,0.0,12.1,1006.2,0,0
2024-06-25,5,129,Satec_PM175,106980.0,27.9,23.5,31.7,0.0,10.6,1006.4,0,0
2024-06-26,5,129,Satec_PM175,107471.0,27.8,25.7,30.2,0.0,12.2,1005.0,0,0
2024-06-27,5,129,Satec_PM175,101397.0,28.5,25.0,30.9,0.0,11.9,1005.1,0,0
2024-06-28,5,129,Satec_PM175,96257.0,28.7,25.1,31.7,0.0,11.1,1004.2,0,0
2024-06-29,5,129,Satec_PM175,94075.0,28.7,26.0,31.6,0.0,11.5,1002.0,0,0
2024-06-30,5,129,Satec_PM175,104295.0,28.1,24.6,30.7,0.1,11.2,1003.3,0,0
2024-07-01,5,129,Satec_PM175,107428.0,28.7,26.2,31.2,0.0,13.2,1004.4,0,0
2024-07-02,5,129,Satec_PM175,110272.0,28.9,26.4,31.1,0.0,13.2,1003.3,0,0
2024-07-03,5,129,Satec_PM175,105642.0,28.9,25.1,32.2,0.0,11.0,1003.9,0,0
2024-07-04,5,129,Satec_PM175,103364.0,28.5,23.2,32.7,0.0,9.6,1005.9,0,0
2024-07-05,5,129,Satec_PM175,92719.0,28.4,25.9,30.4,0.0,11.9,1006.9,0,0
2024-07-06,5,129,Satec_PM175,89023.0,28.4,26.7,30.6,0.0,13.1,1005.1,0,0
2024-07-07,5,129,Satec_PM175,107272.0,28.6,25.0,31.1,0.0,11.9,1003.7,0,0
2024-07-08,5,129,Satec_PM175,112707.0,29.3,27.0,32.5,0.0,12.5,1003.3,0,0
2024-07-09,5,129,Satec_PM175,113861.0,29.2,25.6,33.0,0.0,10.7,1003.7,0,0
2024-07-10,5,129,Satec_PM175,117204.0,29.2,24.9,33.7,0.0,10.1,1005.0,0,0
2024-07-11,5,129,Satec_PM175,111654.0,28.8,24.5,31.7,0.0,11.5,1007.1,0,0
2024-07-12,5,129,Satec_PM175,100376.0,29.1,24.6,33.0,0.0,10.3,1006.6,0,0
2024-07-13,5,129,Satec_PM175,99785.0,29.8,26.1,33.4,0.0,11.4,1005.5,0,0
2024-07-14,5,129,Satec_PM175,110098.0,29.3,24.7,32.0,1.9,15.1,1004.0,0,0
2024-07-15,5,129,Satec_PM175,115251.0,29.6,26.1,32.2,0.0,12.6,1003.7,0,0
2024-07-16,5,129,Satec_PM175,115440.0,29.4,25.7,33.1,0.0,11.0,1004.7,0,0
2024-07-17,5,129,Satec_PM175,113660.0,29.4,26.7,32.9,0.0,11.6,1006.0,0,0
2024-07-18,5,129,Satec_PM175,113838.0,29.5,27.2,32.4,0.0,11.7,1005.8,0,0
2024-07-19,5,129,Satec_PM175,101241.0,30.0,28.0,32.6,0.0,13.2,1003.3,0,0
2024-07-20,5,129,Satec_PM175,101003.0,30.3,28.0,32.9,0.0,11.8,1002.4,0,0
2024-07-21,5,129,Satec_PM175,116863.0,30.5,27.7,33.5,0.0,11.0,1004.6,0,0
2024-07-22,5,129,Satec_PM175,122273.0,30.3,27.5,33.6,0.0,11.9,1005.2,0,0
2024-07-23,5,129,Satec_PM175,116218.0,30.5,28.1,33.6,0.0,11.9,1005.5,0,0
2024-07-24,5,129,Satec_PM175,116299.0,29.8,26.1,32.2,0.0,12.4,1003.3,0,0
2024-07-25,5,129,Satec_PM175,115689.0,30.3,28.2,32.9,0.0,12.4,1001.9,0,0
2024-07-26,5,129,Satec_PM175,97332.0,29.9,27.5,32.0,0.0,11.5,1002.2,0,0
2024-07-27,5,129,Satec_PM175,98751.0,29.9,27.0,32.2,0.1,13.4,1005.5,0,0
2024-07-28,5,129,Satec_PM175,118037.0,30.3,25.9,32.7,0.0,13.4,1007.1,0,0
2024-07-29,5,129,Satec_PM175,116983.0,30.9,29.0,33.9,0.0,13.3,1004.2,0,0
2024-07-30,5,129,Satec_PM175,117561.0,30.1,26.2,33.2,0.0,12.8,1002.4,0,0
2024-07-31,5,129,Satec_PM175,115767.0,29.7,26.7,32.9,0.0,10.1,1004.2,0,0
2024-08-01,5,129,Satec_PM175,110462.0,29.9,26.2,33.2,0.0,11.5,1005.6,0,0
2024-08-02,5,129,Satec_PM175,98981.0,29.8,26.1,32.7,0.0,11.2,1005.4,0,0
2024-08-03,5,129,Satec_PM175,95698.0,29.7,27.2,32.0,0.0,12.0,1005.0,0,0
2024-08-04,5,129,Satec_PM175,100526.0,28.8,25.5,31.7,0.0,10.8,1005.7,0,0
2024-08-05,5,129,Satec_PM175,109626.0,29.1,26.0,31.6,0.0,11.5,1005.1,0,0
2024-08-06,5,129,Satec_PM175,109496.0,29.5,27.5,32.1,0.0,12.7,1005.1,0,0
2024-08-07,5,129,Satec_PM175,109723.0,29.3,25.2,32.4,0.0,11.9,1005.5,0,0
2024-08-08,5,129,Satec_PM175,110483.0,29.8,27.4,32.7,0.0,11.7,1006.7,0,0
2024-08-09,5,129,Satec_PM175,96411.0,29.1,25.2,32.4,0.0,10.7,1007.8,0,0
2024-08-10,5,129,Satec_PM175,93792.0,29.5,27.0,31.6,0.0,11.9,1008.6,0,0
2024-08-11,5,129,Satec_PM175,110077.0,29.6,28.0,31.5,0.0,12.2,1006.8,0,0
2024-08-12,5,129,Satec_PM175,115742.0,30.0,28.2,32.6,0.0,12.8,1005.4,0,0
2024-08-13,5,129,Satec_PM175,113966.0,29.9,28.1,32.7,0.0,12.0,1006.4,0,0
2024-08-14,5,129,Satec_PM175,111870.0,29.2,26.0,32.2,0.0,10.0,1007.0,0,0
2024-08-15,5,129,Satec_PM175,110340.0,29.4,25.7,31.7,0.0,10.5,1007.2,0,0
2024-08-16,5,129,Satec_PM175,97989.0,29.8,27.7,32.2,0.0,11.8,1004.9,0,0
2024-08-17,5,129,Satec_PM175,97989.0,29.8,27.0,32.6,0.2,11.4,1003.1,0,0
2024-08-18,5,129,Satec_PM175,114689.0,29.7,26.1,33.4,0.0,10.1,1004.7,0,0
2024-08-19,5,129,Satec_PM175,116637.0,29.3,25.4,33.2,0.0,9.7,1007.5,0,0
2024-08-20,5,129,Satec_PM175,111800.0,28.8,25.7,31.6,0.0,10.5,1008.0,0,0
2024-08-21,5,129,Satec_PM175,116749.0,29.0,25.4,31.5,0.0,11.1,1005.9,0,0
2024-08-22,5,129,Satec_PM175,119479.0,29.9,28.6,31.7,0.0,12.7,1005.4,0,0
2024-08-23,5,129,Satec_PM175,99697.0,29.5,26.2,31.9,0.0,10.8,1007.6,0,0
2024-08-24,5,129,Satec_PM175,97752.0,29.6,27.7,32.1,0.0,10.9,1007.6,0,0
2024-08-25,5,129,Satec_PM175,115569.0,29.7,26.7,32.9,0.0,10.0,1006.2,0,0
2024-08-26,5,129,Satec_PM175,120208.0,29.4,25.9,31.9,0.0,11.2,1006.9,0,0
2024-08-27,5,129,Satec_PM175,115434.0,29.4,26.2,31.7,0.0,11.1,1008.6,0,0
2024-08-28,5,129,Satec_PM175,107826.0,28.8,25.1,31.6,0.0,11.0,1010.9,0,0
2024-08-29,5,129,Satec_PM175,108370.0,29.2,28.1,30.9,0.0,13.3,1010.4,0,0
2024-08-30,5,129,Satec_PM175,96163.0,29.3,27.4,31.1,0.0,14.3,1009.9,0,0
2024-08-31,5,129,Satec_PM175,95397.0,29.3,27.7,31.1,0.0,13.1,1009.3,0,0
2024-09-01,5,129,Satec_PM175,105766.0,29.1,27.7,31.2,0.0,12.0,1009.3,0,0
2024-09-02,5,129,Satec_PM175,106096.0,28.7,25.1,31.5,0.0,11.7,1012.1,0,0
2024-09-03,5,129,Satec_PM175,106069.0,28.2,24.9,30.6,0.0,11.1,1012.0,0,0
2024-09-04,5,129,Satec_PM175,106500.0,28.6,27.1,31.0,0.0,12.0,1010.1,0,0
2024-09-05,5,129,Satec_PM175,106757.0,28.2,24.5,30.7,0.0,10.8,1008.1,0,0
2024-09-06,5,129,Satec_PM175,96964.0,28.7,26.0,31.5,0.5,10.6,1008.0,0,0
2024-09-07,5,129,Satec_PM175,96585.0,29.0,26.1,32.4,0.0,10.1,1009.0,0,0
2024-09-08,5,129,Satec_PM175,112241.0,29.0,25.0,32.5,0.0,9.6,1008.3,0,0
2024-09-09,5,129,Satec_PM175,114519.0,28.2,24.2,31.7,0.0,10.8,1008.3,0,0
2024-09-10,5,129,Satec_PM175,110923.0,28.3,26.9,30.1,0.0,12.6,1008.6,0,0
2024-09-11,5,129,Satec_PM175,105452.0,27.6,22.9,30.5,0.0,11.7,1009.7,0,0
2024-09-12,5,129,Satec_PM175,111722.0,28.9,24.1,32.1,0.0,12.2,1010.3,0,0
2024-09-13,5,129,Satec_PM175,100485.0,29.0,26.6,31.0,0.0,14.2,1009.4,0,0
2024-09-14,5,129,Satec_PM175,92717.0,28.4,27.0,30.1,0.0,14.1,1008.7,0,0
2024-09-15,5,129,Satec_PM175,108479.0,28.5,27.5,30.5,0.0,15.2,1007.6,0,0
2024-09-16,5,129,Satec_PM175,100363.0,27.5,23.8,29.0,0.0,13.7,1009.2,0,0
2024-09-17,5,129,Satec_PM175,100010.0,26.0,22.3,29.0,1.0,10.1,1012.8,0,0
2024-09-18,5,129,Satec_PM175,98290.0,26.2,21.1,29.0,0.2,11.8,1013.6,0,0
2024-09-19,5,129,Satec_PM175,100156.0,26.3,21.1,29.0,0.0,10.4,1011.7,0,0
2024-09-20,5,129,Satec_PM175,95161.0,26.4,21.5,31.0,0.0,9.7,1010.9,0,0
2024-09-21,5,129,Satec_PM175,89529.0,25.9,21.5,30.0,0.4,10.0,1010.9,0,0
2024-09-22,5,129,Satec_PM175,97746.0,25.8,21.7,29.0,1.5,12.0,1010.9,0,0
2024-09-23,5,129,Satec_PM175,96728.0,24.4,19.6,30.0,0.9,9.8,1012.0,0,0
2024-09-24,5,129,Satec_PM175,98292.0,25.0,19.2,30.0,0.0,12.4,1013.2,0,0
2024-09-25,5,129,Satec_PM175,104095.0,26.1,21.2,30.0,0.0,15.8,1012.4,0,0
2024-09-26,5,129,Satec_PM175,103063.0,26.4,21.8,30.0,0.0,13.6,1010.8,0,0
2024-09-27,5,129,Satec_PM175,90216.0,25.9,20.7,30.0,0.0,10.2,1009.8,0,0
2024-09-28,5,129,Satec_PM175,91621.0,25.5,20.7,30.0,0.0,9.2,1009.3,0,0
2024-09-29,5,129,Satec_PM175,101640.0,25.7,21.6,30.0,0.0,9.2,1009.0,0,0
2024-09-30,5,129,Satec_PM175,96855.0,24.2,18.7,29.0,0.0,9.5,1008.9,0,0
2024-10-01,5,129,Satec_PM175,91908.0,24.4,20.2,28.0,1.3,12.7,1008.4,0,0
2024-10-02,5,129,Satec_PM175,75944.0,23.8,19.0,27.0,0.0,10.6,1011.2,0,1
2024-10-03,5,129,Satec_PM175,72760.0,23.1,17.0,28.0,0.0,10.1,1014.3,1,0
2024-10-04,5,129,Satec_PM175,79876.0,23.9,18.0,29.0,0.0,12.0,1013.6,1,0
2024-10-05,5,129,Satec_PM175,86482.0,24.2,19.0,29.0,0.0,12.4,1011.6,0,0
2024-10-06,5,129,Satec_PM175,101046.0,24.9,20.4,28.0,0.0,11.6,1010.9,0,0
2024-10-07,5,129,Satec_PM175,100032.0,24.8,20.6,28.0,0.0,10.4,1013.1,0,0
2024-10-08,5,129,Satec_PM175,101761.0,24.5,19.0,29.0,0.0,11.0,1015.4,0,0
2024-10-09,5,129,Satec_PM175,102543.0,24.2,18.8,28.0,0.0,10.4,1014.5,0,0
2024-10-10,5,129,Satec_PM175,97667.0,23.6,18.7,28.0,0.0,9.9,1012.5,0,0
2024-10-11,5,129,Satec_PM175,78634.0,23.2,17.7,27.5,0.0,8.3,1012.0,0,1
2024-10-12,5,129,Satec_PM175,75933.0,23.4,18.7,28.1,0.0,9.2,1012.5,1,0
2024-10-13,5,129,Satec_PM175,95619.0,23.7,18.4,28.0,0.0,8.9,1012.9,0,0
2024-10-14,5,129,Satec_PM175,94498.0,24.0,18.7,30.0,0.0,8.0,1012.4,0,0
2024-10-15,5,129,Satec_PM175,92031.0,24.2,18.9,29.0,0.0,8.7,1012.8,0,0
2024-10-16,5,129,Satec_PM175,75923.0,23.9,20.0,27.0,0.0,9.2,1013.7,0,1
2024-10-17,5,129,Satec_PM175,73663.0,23.1,17.8,28.0,0.2,9.1,1012.6,1,0
2024-10-18,5,129,Satec_PM175,67966.0,23.2,18.2,28.0,2.1,12.2,1011.8,0,1
2024-10-19,5,129,Satec_PM175,60470.0,20.9,15.2,26.0,0.0,14.3,1015.7,0,0
2024-10-20,5,129,Satec_PM175,70178.0,20.4,14.6,26.0,0.0,15.3,1018.4,0,1
2024-10-21,5,129,Satec_PM175,70795.0,20.6,15.2,26.0,0.0,17.9,1018.4,0,1
2024-10-22,5,129,Satec_PM175,66293.0,19.4,13.7,25.0,0.0,19.1,1017.6,0,1
2024-10-23,5,129,Satec_PM175,55301.0,18.5,12.1,26.0,0.0,14.5,1019.3,0,1
2024-10-24,5,129,Satec_PM175,52907.0,19.0,12.3,26.0,0.0,15.4,1019.6,1,0
2024-10-25,5,129,Satec_PM175,55908.0,19.8,13.4,28.0,0.0,16.2,1017.3,0,0
2024-10-26,5,129,Satec_PM175,58540.0,21.3,15.4,29.0,0.0,17.8,1016.0,0,0
2024-10-27,5,129,Satec_PM175,69613.0,20.8,14.2,28.0,0.0,11.9,1017.8,0,0
2024-10-28,5,129,Satec_PM175,74098.0,20.9,15.6,28.0,0.0,11.5,1016.2,0,0
2024-10-29,5,129,Satec_PM175,74808.0,20.0,14.4,25.0,0.0,11.1,1013.4,0,0
2024-10-30,5,129,Satec_PM175,75133.0,19.9,14.3,25.0,0.0,9.3,1011.8,0,0
2024-10-31,5,129,Satec_PM175,77409.0,20.1,15.5,24.0,0.0,11.9,1012.2,0,0
2024-11-01,5,129,Satec_PM175,66422.0,22.1,17.3,28.0,0.0,13.5,1012.4,0,0
2024-11-02,5,129,Satec_PM175,67584.0,22.8,17.7,29.0,1.3,13.7,1013.2,0,0
2024-11-03,5,129,Satec_PM175,75325.0,20.0,16.5,25.0,2.1,10.2,1015.4,0,0
2024-11-04,5,129,Satec_PM175,74942.0,19.2,15.1,24.0,1.5,9.9,1016.5,0,0
2024-11-05,5,129,Satec_PM175,76135.0,19.3,14.5,25.0,0.0,12.0,1017.9,0,0
2024-11-06,5,129,Satec_PM175,73696.0,20.8,16.0,26.0,0.0,13.4,1018.1,0,0
2024-11-07,5,129,Satec_PM175,78008.0,22.0,18.5,28.0,0.0,15.4,1019.3,0,0
2024-11-08,5,129,Satec_PM175,70240.0,22.1,18.5,28.0,0.0,16.7,1018.1,0,0
2024-11-09,5,129,Satec_PM175,66795.0,21.5,17.4,28.0,0.0,14.8,1015.1,0,0
2024-11-10,5,129,Satec_PM175,74378.0,21.3,16.8,27.0,3.9,16.3,1014.5,0,0
2024-11-11,5,129,Satec_PM175,74472.0,19.3,15.5,23.0,0.5,10.6,1018.5,0,0
2024-11-12,5,129,Satec_PM175,75057.0,19.5,15.5,24.0,0.0,9.9,1019.4,0,0
2024-11-13,5,129,Satec_PM175,75550.0,19.3,15.4,23.0,0.5,12.0,1020.0,0,0
2024-11-14,5,129,Satec_PM175,73167.0,19.1,15.0,23.0,0.0,10.0,1018.2,0,0
2024-11-15,5,129,Satec_PM175,64192.0,18.5,14.0,23.0,0.0,12.9,1015.7,0,0
2024-11-16,5,129,Satec_PM175,63490.0,19.2,15.3,24.0,0.0,10.2,1016.5,0,0
2024-11-17,5,129,Satec_PM175,70789.0,19.1,14.7,25.0,2.5,11.8,1014.5,0,0
2024-11-18,5,129,Satec_PM175,71072.0,17.9,14.7,22.0,19.7,11.7,1014.3,0,0
2024-11-19,5,129,Satec_PM175,72005.0,16.8,13.7,21.0,6.5,11.3,1017.1,0,0
2024-11-20,5,129,Satec_PM175,70611.0,17.1,13.8,22.0,1.4,10.5,1018.0,0,0
2024-11-21,5,129,Satec_PM175,71409.0,17.3,14.1,22.0,1.8,8.8,1018.4,0,0
2024-11-22,5,129,Satec_PM175,61239.0,19.2,14.3,27.0,0.0,10.8,1019.5,0,0
2024-11-23,5,129,Satec_PM175,56938.0,20.6,16.4,27.0,0.0,13.5,1017.4,0,0
2024-11-24,5,129,Satec_PM175,68011.0,17.0,13.2,21.0,1.0,17.9,1014.2,0,0
2024-11-25,5,129,Satec_PM175,62942.0,13.7,10.0,16.0,0.9,17.6,1015.3,0,0
2024-11-26,5,129,Satec_PM175,63492.0,11.8,9.1,14.0,4.5,10.9,1018.4,0,0
2024-11-27,5,129,Satec_PM175,63459.0,12.4,9.1,17.0,0.8,13.6,1021.6,0,0
2024-11-28,5,129,Satec_PM175,64112.0,14.8,11.6,19.0,0.5,10.0,1022.2,0,0
2024-11-29,5,129,Satec_PM175,55807.0,15.4,12.1,19.0,0.0,9.5,1021.5,0,0
2024-11-30,5,129,Satec_PM175,51070.0,15.0,10.9,20.0,0.0,11.2,1022.3,0,0
2024-12-01,5,129,Satec_PM175,62911.0,14.7,10.0,19.0,0.0,12.3,1020.4,0,0
2024-12-02,5,129,Satec_PM175,64173.0,14.5,9.0,20.0,0.0,10.8,1017.7,0,0
2024-12-03,5,129,Satec_PM175,62842.0,14.7,10.0,22.0,0.0,10.4,1016.3,0,0
2024-12-04,5,129,Satec_PM175,64278.0,15.9,11.6,21.0,1.3,12.9,1017.8,0,0
2024-12-05,5,129,Satec_PM175,65255.0,16.4,12.8,21.0,1.2,9.8,1019.5,0,0
2024-12-06,5,129,Satec_PM175,54643.0,17.9,13.0,24.0,0.0,19.4,1018.6,0,0
2024-12-07,5,129,Satec_PM175,53268.0,17.9,14.2,22.0,0.0,15.9,1018.8,0,0
2024-12-08,5,129,Satec_PM175,65797.0,16.9,11.0,22.0,0.1,8.7,1020.3,0,0
2024-12-09,5,129,Satec_PM175,68588.0,16.5,12.0,23.0,0.0,10.8,1023.9,0,0
2024-12-10,5,129,Satec_PM175,65272.0,17.4,12.5,24.0,0.0,12.8,1023.0,0,0
2024-12-11,5,129,Satec_PM175,66260.0,17.7,13.9,23.0,0.0,11.3,1020.8,0,0
2024-12-12,5,129,Satec_PM175,71068.0,17.3,13.0,21.0,0.0,10.8,1019.7,0,0
2024-12-13,5,129,Satec_PM175,56847.0,17.3,12.5,21.0,0.0,15.6,1019.2,0,0
2024-12-14,5,129,Satec_PM175,50910.0,14.7,9.8,19.0,0.0,13.5,1024.2,0,0
2024-12-15,5,129,Satec_PM175,63283.0,14.5,9.1,20.0,0.0,14.4,1026.0,0,0
2024-12-16,5,129,Satec_PM175,64520.0,14.1,9.8,20.0,0.0,11.7,1023.2,0,0
2024-12-17,5,129,Satec_PM175,65220.0,15.0,10.4,21.0,0.3,10.8,1023.5,0,0
2024-12-18,5,129,Satec_PM175,64831.0,15.2,10.5,22.0,0.0,11.9,1021.1,0,0
2024-12-19,5,129,Satec_PM175,63613.0,16.8,10.7,22.0,0.0,20.2,1014.6,0,0
2024-12-20,5,129,Satec_PM175,53518.0,14.8,11.8,19.0,1.4,12.8,1014.4,0,0
2024-12-21,5,129,Satec_PM175,53441.0,15.7,11.5,21.0,3.7,11.4,1020.5,0,0
2024-12-22,5,129,Satec_PM175,69280.0,15.9,12.7,20.0,4.8,11.2,1019.4,0,0
2024-12-23,5,129,Satec_PM175,67176.0,15.8,12.8,20.0,1.3,12.5,1014.5,0,0
2024-12-24,5,129,Satec_PM175,66675.0,15.0,12.6,18.0,2.0,14.1,1016.7,0,0
2024-12-25,5,129,Satec_PM175,63443.0,15.6,11.4,23.0,0.0,13.6,1014.9,0,0
2024-12-26,5,129,Satec_PM175,62845.0,14.6,11.0,19.0,0.3,9.3,1015.6,0,0
2024-12-27,5,129,Satec_PM175,52539.0,12.3,10.0,15.0,14.4,17.4,1014.3,0,0
2024-12-28,5,129,Satec_PM175,52501.0,12.1,9.3,15.3,16.7,20.4,1017.9,0,0
2024-12-29,5,129,Satec_PM175,63029.0,13.0,11.0,17.0,18.3,15.3,1019.3,0,0
2024-12-30,5,129,Satec_PM175,65070.0,12.2,10.6,14.1,10.0,17.3,1019.6,0,0
2024-12-31,5,129,Satec_PM175,64215.0,12.0,8.9,15.0,12.1,13.4,1021.6,0,0
2025-01-01,5,129,Satec_PM175,61804.0,12.0,7.4,17.5,0.0,8.8,1027.2,0,0
2025-01-02,5,129,Satec_PM175,62826.0,12.6,8.6,18.2,0.0,8.6,1027.6,0,0
2025-01-03,5,129,Satec_PM175,53808.0,12.8,8.9,18.0,0.0,10.8,1024.4,0,0
2025-01-04,5,129,Satec_PM175,52389.0,14.3,9.7,18.9,0.0,12.8,1019.6,0,0
2025-01-05,5,129,Satec_PM175,64568.0,18.3,16.2,21.9,0.0,19.7,1012.0,0,0
2025-01-06,5,129,Satec_PM175,64525.0,15.6,12.7,19.5,0.0,11.1,1017.9,0,0
2025-01-07,5,129,Satec_PM175,64316.0,14.5,10.7,19.7,0.0,11.9,1024.5,0,0
2025-01-08,5,129,Satec_PM175,63868.0,14.4,9.4,20.5,0.0,12.0,1023.3,0,0
2025-01-09,5,129,Satec_PM175,63256.0,16.3,10.7,20.7,0.0,17.7,1018.4,0,0
2025-01-10,5,129,Satec_PM175,54602.0,16.7,13.0,20.9,0.9,16.3,1014.6,0,0
2025-01-11,5,129,Satec_PM175,53809.0,14.4,11.2,18.4,0.7,9.8,1017.4,0,0
2025-01-12,5,129,Satec_PM175,64807.0,14.6,11.7,18.0,0.8,8.4,1021.8,0,0
2025-01-13,5,129,Satec_PM175,64040.0,17.1,12.5,22.2,0.0,14.5,1022.2,0,0
2025-01-14,5,129,Satec_PM175,64789.0,17.9,14.0,22.7,0.0,17.3,1019.5,0,0
2025-01-15,5,129,Satec_PM175,66386.0,16.8,13.0,22.1,0.0,11.1,1018.2,0,0
2025-01-16,5,129,Satec_PM175,68644.0,16.1,12.7,19.7,0.0,6.6,1023.0,0,0
2025-01-17,5,129,Satec_PM175,56948.0,15.6,11.0,18.9,0.0,10.1,1023.9,0,0
2025-01-18,5,129,Satec_PM175,53074.0,15.0,9.1,18.7,0.0,9.9,1021.3,0,0
2025-01-19,5,129,Satec_PM175,62901.0,14.7,9.5,18.5,0.0,7.7,1019.5,0,0
2025-01-20,5,129,Satec_PM175,64513.0,14.9,10.2,19.2,0.0,7.2,1019.4,0,0
2025-01-21,5,129,Satec_PM175,64124.0,15.6,10.9,21.1,0.0,13.3,1021.6,0,0
2025-01-22,5,129,Satec_PM175,64269.0,16.2,13.7,18.6,1.7,16.1,1019.4,0,0
2025-01-23,5,129,Satec_PM175,64420.0,15.6,11.6,20.0,6.7,9.1,1020.2,0,0
2025-01-24,5,129,Satec_PM175,55526.0,14.2,10.7,18.5,1.6,7.7,1021.0,0,0
2025-01-25,5,129,Satec_PM175,52267.0,14.8,11.6,19.2,0.0,9.6,1019.9,0,0
2025-01-26,5,129,Satec_PM175,50474.0,14.9,10.2,19.7,1.3,8.9,1019.2,0,0
2025-01-27,5,129,Satec_PM175,54944.0,15.7,10.6,21.0,0.0,8.2,1019.0,0,0
2025-01-28,5,129,Satec_PM175,64476.0,15.4,11.7,19.6,0.0,12.9,1019.9,0,0
2025-01-29,5,129,Satec_PM175,63622.0,16.6,12.0,21.2,0.0,14.3,1022.0,0,0
2025-01-30,5,129,Satec_PM175,63904.0,16.1,10.4,23.2,0.0,10.8,1023.5,0,0
2025-01-31,5,129,Satec_PM175,54746.0,13.9,9.2,18.7,2.6,6.8,1021.8,0,0
2025-02-01,5,129,Satec_PM175,52655.0,14.4,9.9,18.7,0.0,7.7,1022.4,0,0
2025-02-02,5,129,Satec_PM175,63473.0,14.3,9.6,18.4,0.0,9.5,1021.9,0,0
2025-02-03,5,129,Satec_PM175,64467.0,14.5,10.4,18.2,0.3,6.6,1017.6,0,0
2025-02-04,5,129,Satec_PM175,63466.0,14.3,8.2,18.7,0.0,8.5,1015.3,0,0
2025-02-05,5,129,Satec_PM175,63483.0,14.8,10.7,18.1,18.2,15.7,1010.2,0,0
2025-02-06,5,129,Satec_PM175,62821.0,12.7,10.2,14.1,7.8,25.0,1010.1,0,0
2025-02-07,5,129,Satec_PM175,52073.0,11.2,8.5,14.2,0.0,14.2,1017.3,0,0
2025-02-08,5,129,Satec_PM175,51155.0,13.1,10.7,15.2,0.0,12.8,1019.7,0,0
2025-02-09,5,129,Satec_PM175,61720.0,11.1,9.6,13.2,8.5,12.4,1017.9,0,0
2025-02-10,5,129,Satec_PM175,61319.0,11.7,9.9,15.9,6.2,11.8,1016.5,0,0
2025-02-11,5,129,Satec_PM175,61985.0,12.4,10.1,16.6,3.5,8.5,1018.1,0,0
2025-02-12,5,129,Satec_PM175,60263.0,11.2,8.9,14.6,10.5,8.9,1019.2,0,0
2025-02-13,5,129,Satec_PM175,62160.0,14.1,10.2,16.7,1.9,13.9,1020.5,0,0
2025-02-14,5,129,Satec_PM175,55340.0,12.4,7.2,16.0,0.0,8.4,1021.3,0,0
2025-02-15,5,129,Satec_PM175,54388.0,14.1,7.1,20.2,0.0,13.2,1015.4,0,0
2025-02-16,5,129,Satec_PM175,62092.0,15.9,11.4,19.0,0.3,16.0,1013.4,0,0
2025-02-17,5,129,Satec_PM175,63695.0,14.1,8.2,19.5,0.6,9.3,1016.9,0,0
2025-02-18,5,129,Satec_PM175,62368.0,15.2,10.0,21.7,0.0,8.6,1017.7,0,0
2025-02-19,5,129,Satec_PM175,64068.0,15.9,12.0,19.2,2.0,8.9,1014.8,0,0
2025-02-20,5,129,Satec_PM175,63790.0,15.6,9.9,17.7,3.6,18.4,1014.3,0,0
2025-02-21,5,129,Satec_PM175,54149.0,12.7,9.9,14.0,0.1,16.3,1017.9,0,0
2025-02-22,5,129,Satec_PM175,50167.0,9.4,6.7,11.9,1.9,11.0,1019.6,0,0
2025-02-23,5,129,Satec_PM175,63300.0,8.2,5.5,10.1,0.8,14.7,1023.4,0,0
2025-02-24,5,129,Satec_PM175,66161.0,7.7,4.9,11.0,0.0,12.1,1026.0,0,0
2025-02-25,5,129,Satec_PM175,65735.0,8.1,2.2,13.5,0.0,9.5,1025.5,0,0
2025-02-26,5,129,Satec_PM175,64049.0,10.5,4.2,15.0,0.0,10.4,1022.9,0,0
2025-02-27,5,129,Satec_PM175,63394.0,12.4,5.6,17.2,0.0,9.7,1023.4,0,0
2025-02-28,5,129,Satec_PM175,54109.0,13.0,6.1,17.4,0.0,9.7,1019.7,0,0
2025-03-01,5,129,Satec_PM175,51298.0,14.1,10.9,17.7,8.3,8.0,1020.2,0,0
2025-03-02,5,129,Satec_PM175,59151.0,14.1,8.6,18.2,0.0,10.3,1022.0,0,0
2025-03-03,5,129,Satec_PM175,63943.0,15.5,9.6,20.5,0.0,10.6,1013.9,0,0
2025-03-04,5,129,Satec_PM175,65532.0,17.0,13.6,19.1,0.0,9.3,1008.6,0,0
2025-03-05,5,129,Satec_PM175,63725.0,16.6,13.1,20.1,0.1,17.6,1013.4,0,0
2025-03-06,5,129,Satec_PM175,64189.0,17.0,14.2,20.7,0.0,20.6,1017.0,0,0
2025-03-07,5,129,Satec_PM175,54830.0,15.0,13.2,17.1,2.9,5.8,1014.3,0,0
2025-03-08,5,129,Satec_PM175,54250.0,17.0,12.7,21.2,0.0,8.6,1012.3,0,0
2025-03-09,5,129,Satec_PM175,66332.0,16.2,10.6,21.0,0.0,9.7,1014.3,0,0
2025-03-10,5,129,Satec_PM175,67910.0,16.9,12.6,19.9,0.7,8.1,1018.1,0,0
2025-03-11,5,129,Satec_PM175,69301.0,16.2,11.2,19.6,0.0,11.2,1020.4,0,0
2025-03-12,5,129,Satec_PM175,68576.0,18.8,11.9,27.5,0.0,9.8,1018.4,0,0
2025-03-13,5,129,Satec_PM175,66905.0,22.8,16.5,29.9,0.0,16.3,1014.8,0,1
2025-03-14,5,129,Satec_PM175,59766.0,23.3,20.0,29.5,0.0,13.1,1015.0,0,0
2025-03-15,5,129,Satec_PM175,60698.0,19.8,13.9,24.7,0.0,8.6,1017.2,0,0
2025-03-16,5,129,Satec_PM175,68961.0,22.5,17.2,30.2,0.0,10.8,1016.4,0,0
2025-03-17,5,129,Satec_PM175,71150.0,22.5,16.0,32.6,0.0,9.0,1012.2,0,0
2025-03-18,5,129,Satec_PM175,73431.0,21.0,18.4,26.4,0.0,10.4,1010.1,0,0
2025-03-19,5,129,Satec_PM175,66546.0,18.3,14.5,20.9,0.0,16.7,1013.3,0,0
2025-03-20,5,129,Satec_PM175,61739.0,13.8,11.2,16.2,0.0,21.0,1014.0,0,0
2025-03-21,5,129,Satec_PM175,50282.0,11.8,8.0,14.2,0.0,9.7,1018.0,0,0
2025-03-22,5,129,Satec_PM175,49575.0,13.1,10.1,16.5,0.6,9.1,1021.1,0,0
2025-03-23,5,129,Satec_PM175,61760.0,13.6,7.7,17.6,0.0,9.5,1025.8,0,0
2025-03-24,5,129,Satec_PM175,63799.0,15.1,8.7,18.7,0.0,14.3,1027.0,0,0
2025-03-25,5,129,Satec_PM175,67195.0,17.4,12.0,20.0,0.0,13.1,1022.7,0,0
2025-03-26,5,129,Satec_PM175,69949.0,18.8,13.5,23.6,0.0,8.3,1015.5,0,0
2025-03-27,5,129,Satec_PM175,71935.0,23.4,15.7,33.2,0.0,12.0,1009.5,0,0
2025-03-28,5,129,Satec_PM175,63180.0,25.2,18.6,33.6,0.0,15.4,1006.4,0,0
2025-03-29,5,129,Satec_PM175,59021.0,19.0,18.0,19.9,0.0,14.1,1010.2,0,0
2025-03-30,5,129,Satec_PM175,64996.0,17.9,13.7,20.7,2.2,10.7,1010.5,0,0
2025-03-31,5,129,Satec_PM175,67862.0,18.7,13.1,26.5,0.0,16.5,1011.6,0,0
2025-04-01,5,129,Satec_PM175,73805.0,24.5,20.6,29.5,1.2,19.4,1005.8,0,0
2025-04-02,5,129,Satec_PM175,68764.0,20.5,16.6,23.7,0.0,10.8,1012.2,0,0
2025-04-03,5,129,Satec_PM175,65869.0,18.3,13.4,23.7,0.0,11.3,1014.7,0,0
2025-04-04,5,129,Satec_PM175,57463.0,17.4,12.5,20.6,0.1,10.6,1013.0,0,0
2025-04-05,5,129,Satec_PM175,55851.0,18.0,13.5,21.6,1.7,10.2,1012.2,0,0
2025-04-06,5,129,Satec_PM175,68737.0,19.5,13.4,28.2,0.0,14.4,1008.9,0,0
2025-04-07,5,129,Satec_PM175,74328.0,19.6,18.7,20.7,0.0,12.5,1012.6,0,0
2025-04-08,5,129,Satec_PM175,72295.0,22.1,15.2,29.5,0.1,9.2,1010.2,0,0
2025-04-09,5,129,Satec_PM175,72311.0,20.1,18.1,23.5,0.0,14.5,1011.2,0,0
2025-04-10,5,129,Satec_PM175,63715.0,17.6,16.5,19.2,1.8,19.4,1014.6,0,0
2025-04-11,5,129,Satec_PM175,52699.0,17.2,16.2,19.0,4.1,16.2,1012.6,0,0
2025-04-12,5,129,Satec_PM175,51791.0,17.5,15.7,19.6,1.2,15.8,1012.5,0,1
2025-04-13,5,129,Satec_PM175,53604.0,16.6,13.5,19.7,0.0,11.5,1013.6,1,0
2025-04-14,5,129,Satec_PM175,61470.0,16.6,13.2,19.2,4.0,13.2,1016.4,0,1
2025-04-15,5,129,Satec_PM175,63509.0,17.6,13.7,20.0,0.0,14.3,1017.8,0,1
2025-04-16,5,129,Satec_PM175,65588.0,17.2,11.0,21.1,0.0,12.4,1019.8,0,1
2025-04-17,5,129,Satec_PM175,68692.0,19.4,12.7,26.4,0.0,13.7,1017.2,0,1
2025-04-18,5,129,Satec_PM175,60440.0,21.8,14.7,30.6,0.0,12.8,1013.3,0,1
2025-04-19,5,129,Satec_PM175,62044.0,20.2,15.0,23.6,0.0,9.7,1011.7,1,0
2025-04-20,5,129,Satec_PM175,72342.0,19.3,14.2,23.6,0.0,11.1,1011.5,0,0
2025-04-21,5,129,Satec_PM175,72284.0,19.3,16.6,21.5,0.0,11.2,1011.5,0,0
2025-04-22,5,129,Satec_PM175,76944.0,24.3,16.2,35.4,0.0,14.0,1009.3,0,0
2025-04-23,5,129,Satec_PM175,79471.0,24.9,19.7,32.2,0.0,15.4,1008.5,0,0
2025-04-24,5,129,Satec_PM175,77122.0,20.7,19.5,24.1,0.0,12.0,1010.1,0,0
2025-04-25,5,129,Satec_PM175,61502.0,20.1,17.2,22.6,0.1,12.1,1011.6,0,0
2025-04-26,5,129,Satec_PM175,60273.0,19.8,15.4,23.0,2.4,11.4,1011.9,0,0
2025-04-27,5,129,Satec_PM175,71674.0,19.4,15.2,21.9,0.0,14.5,1012.9,0,0
2025-04-28,5,129,Satec_PM175,74798.0,20.1,17.4,22.0,0.0,13.2,1011.8,0,0
2025-04-29,5,129,Satec_PM175,69790.0,20.2,17.7,23.0,0.6,11.0,1011.7,0,0
2025-04-30,5,129,Satec_PM175,66495.0,24.4,15.5,35.7,0.7,15.2,1006.3,0,0
2025-05-01,5,129,Satec_PM175,62230.0,20.4,19.2,21.6,1.5,13.4,1010.7,0,1
2025-05-02,5,129,Satec_PM175,60074.0,21.3,17.9,25.0,0.8,11.0,1010.6,1,0
2025-05-03,5,129,Satec_PM175,60495.0,20.0,15.2,24.5,0.0,13.7,1010.7,1,0
2025-05-04,5,129,Satec_PM175,73210.0,20.2,17.0,23.0,0.7,11.5,1010.8,0,0
2025-05-05,5,129,Satec_PM175,73370.0,20.1,17.0,23.0,2.2,13.7,1013.9,0,0
2025-05-06,5,129,Satec_PM175,73514.0,19.9,15.0,25.0,0.0,12.1,1017.6,0,0
2025-05-07,5,129,Satec_PM175,74926.0,20.3,15.9,23.0,0.0,11.0,1016.8,0,0
2025-05-08,5,129,Satec_PM175,77618.0,22.3,18.3,25.0,0.0,11.5,1013.0,0,0
2025-05-09,5,129,Satec_PM175,70058.0,23.7,20.0,26.2,0.0,11.7,1012.4,0,0
2025-05-10,5,129,Satec_PM175,70791.0,23.9,20.4,27.0,0.0,10.8,1012.0,0,0
2025-05-11,5,129,Satec_PM175,77534.0,24.7,19.0,28.0,0.0,8.8,1009.3,0,0
2025-05-12,5,129,Satec_PM175,77170.0,24.6,20.0,31.0,0.0,13.0,1006.3,0,0
2025-05-13,5,129,Satec_PM175,72633.0,23.2,19.0,28.0,0.2,9.4,1007.2,0,0
2025-05-14,5,129,Satec_PM175,77799.0,22.2,19.7,24.0,0.0,13.3,1010.7,0,0
2025-05-15,5,129,Satec_PM175,75299.0,21.4,18.6,24.0,0.0,12.2,1015.1,0,0
2025-05-16,5,129,Satec_PM175,64934.0,21.7,16.0,30.0,0.0,12.3,1015.5,0,0
2025-05-17,5,129,Satec_PM175,70892.0,29.4,22.8,41.0,0.0,10.7,1012.6,0,0
2025-05-18,5,129,Satec_PM175,87299.0,24.3,21.6,29.0,0.0,12.5,1015.6,0,0
2025-05-19,5,129,Satec_PM175,79510.0,21.9,19.4,24.0,0.0,12.4,1016.3,0,0