Day,TempAvg,TempMin,TempMax,Precip,WindSpeed,Pressure
2022-05-01,20.2,17.2,22.0,0.0,14.0,1011.4
2022-05-02,19.8,15.9,23.0,1.3,11.0,1011.8
2022-05-03,25.6,19.5,36.0,0.0,17.8,1005.4
2022-05-04,20.5,17.1,23.0,0.4,15.5,1011.0
2022-05-05,19.1,16.1,22.0,0.1,17.1,1013.1
2022-05-06,19.5,15.2,22.0,2.2,13.9,1011.9
2022-05-07,18.9,14.3,23.0,0.0,12.6,1014.1
2022-05-08,19.0,14.5,23.0,0.0,11.3,1015.8
2022-05-09,19.6,14.1,25.0,0.0,15.2,1012.6
2022-05-10,20.5,16.6,25.0,0.0,11.7,1013.7
2022-05-11,20.1,16.0,26.0,0.0,10.4,1016.0
2022-05-12,20.2,16.3,24.0,0.0,11.8,1018.3
2022-05-13,20.2,16.1,23.0,0.0,11.8,1017.2
2022-05-14,23.2,19.4,28.0,0.0,16.4,1011.7
2022-05-15,22.7,16.9,25.0,0.0,13.4,1013.9
2022-05-16,19.9,16.2,24.0,0.0,11.3,1016.9
2022-05-17,20.8,16.8,26.0,0.0,11.0,1014.7
2022-05-18,20.7,17.0,25.0,0.0,10.4,1013.4
2022-05-19,21.6,17.8,27.0,0.0,10.5,1013.7
2022-05-20,21.9,18.0,25.0,0.0,12.7,1012.7
2022-05-21,24.9,13.0,35.0,0.2,14.5,1009.7
2022-05-22,22.3,18.5,24.0,0.0,14.3,1010.2
2022-05-23,21.4,18.4,25.0,0.0,14.3,1009.9
2022-05-24,22.0,17.1,27.0,0.0,10.0,1011.6
2022-05-25,21.8,18.2,25.0,0.0,11.4,1014.0
2022-05-26,22.4,19.0,25.0,0.0,12.6,1013.6
2022-05-27,22.7,20.5,25.0,0.0,12.8,1010.6
2022-05-28,24.1,20.1,30.0,0.0,10.1,1008.7
2022-05-29,24.4,20.1,31.0,0.0,12.0,1009.7
2022-05-30,25.4,21.2,31.0,0.0,11.0,1010.4
2022-05-31,24.2,20.0,30.0,0.0,10.6,1010.1
2022-06-01,23.6,21.1,27.0,0.0,11.9,1008.9
2022-06-02,23.5,20.3,26.0,0.0,10.9,1007.7
2022-06-03,22.7,18.0,26.0,0.0,9.6,1009.5
2022-06-04,23.0,19.0,26.0,0.0,10.9,1010.5
2022-06-05,23.8,21.2,27.0,0.0,12.7,1010.0
2022-06-06,24.4,21.1,29.0,0.0,9.8,1009.0
2022-06-07,24.8,21.8,29.0,0.1,9.8,1007.5
2022-06-08,25.0,21.0,29.0,0.0,10.2,1009.0
2022-06-09,24.6,20.7,28.0,0.0,9.5,1010.0
2022-06-10,25.6,22.4,29.0,0.0,11.2,1010.6
2022-06-11,26.0,22.0,30.0,0.0,9.5,1009.1
2022-06-12,25.7,23.2,28.0,0.0,12.0,1006.5
2022-06-13,25.2,22.0,28.0,2.5,14.8,1007.4
2022-06-14,24.8,21.5,28.0,0.9,11.4,1009.8
2022-06-15,24.6,21.0,28.0,0.8,11.7,1011.4
2022-06-16,25.4,21.4,28.0,0.0,15.7,1010.2
2022-06-17,26.4,23.8,29.0,0.0,15.3,1007.5
2022-06-18,27.2,23.9,31.0,0.0,12.1,1007.1
2022-06-19,26.1,23.2,29.0,0.0,12.3,1009.5
2022-06-20,25.4,21.9,28.0,0.0,12.0,1010.4
2022-06-21,25.4,21.3,28.0,0.0,13.6,1007.8
2022-06-22,25.9,21.7,29.0,0.0,14.8,1004.6
2022-06-23,26.8,22.3,31.0,0.0,11.8,1006.5
2022-06-24,27.8,23.0,33.0,0.0,9.9,1006.6
2022-06-25,26.4,24.2,29.0,0.4,15.8,1006.0
2022-06-26,26.3,22.3,29.0,0.0,13.1,1008.5
2022-06-27,26.9,22.4,31.0,0.0,10.6,1008.2
2022-06-28,25.9,22.3,29.0,0.0,12.4,1006.9
2022-06-29,26.3,22.8,29.0,0.0,12.5,1006.8
2022-06-30,26.4,22.9,30.0,0.0,12.8,1006.7
2022-07-01,26.1,22.0,30.0,0.0,11.5,1006.8
2022-07-02,26.8,22.9,30.0,0.0,13.4,1006.7
2022-07-03,27.2,23.4,30.0,0.0,12.5,1005.3
2022-07-04,27.8,24.0,32.0,0.0,12.2,1005.3
2022-07-05,27.7,23.8,32.0,0.0,12.6,1006.2
2022-07-06,27.1,22.8,30.0,0.0,11.7,1005.9
2022-07-07,27.0,20.0,31.0,0.0,10.9,1006.7
2022-07-08,26.8,22.0,31.0,0.0,11.1,1006.8
2022-07-09,27.0,22.0,31.0,0.0,11.5,1005.4
2022-07-10,27.3,23.7,31.0,0.0,13.0,1004.7
2022-07-11,26.5,22.6,30.0,0.0,12.3,1007.3
2022-07-12,26.6,22.7,30.0,0.0,12.9,1009.2
2022-07-13,27.6,23.9,31.0,0.0,13.2,1007.9
2022-07-14,27.4,23.8,30.0,0.0,12.6,1006.2
2022-07-15,27.6,23.7,31.0,0.0,13.0,1005.4
2022-07-16,26.8,23.5,29.0,0.0,13.0,1007.0
2022-07-17,27.5,23.0,31.0,0.0,12.3,1005.9
2022-07-18,28.2,24.4,32.0,0.0,11.8,1004.8
2022-07-19,29.0,24.9,33.0,0.0,11.2,1005.4
2022-07-20,29.2,25.6,33.0,0.0,11.3,1006.4
2022-07-21,28.0,24.0,31.0,0.0,11.2,1005.9
2022-07-22,28.5,24.6,32.0,0.0,12.3,1007.1
2022-07-23,28.2,24.5,31.0,0.0,12.5,1006.9
2022-07-24,28.5,24.4,32.0,0.0,13.1,1004.2
2022-07-25,28.7,24.9,32.0,0.0,11.0,1003.2
2022-07-26,28.8,24.9,33.0,0.0,10.5,1003.6
2022-07-27,28.1,24.0,32.0,0.0,10.7,1003.9
2022-07-28,28.6,25.0,33.0,0.0,11.2,1005.2
2022-07-29,29.3,26.3,33.0,0.0,12.2,1006.5
2022-07-30,28.8,26.0,32.0,0.0,11.0,1006.3
2022-07-31,28.3,24.8,32.0,0.0,11.2,1004.4
2022-08-01,28.1,23.8,33.0,0.0,12.0,1003.5
2022-08-02,28.4,24.9,32.0,0.0,11.5,1004.4
2022-08-03,28.4,25.1,32.0,0.0,11.5,1005.4
2022-08-04,28.2,25.2,31.0,0.0,12.6,1006.6
2022-08-05,29.3,26.8,31.0,0.0,12.6,1005.9
2022-08-06,29.0,26.6,32.0,0.0,11.9,1005.1
2022-08-07,28.5,25.5,32.0,0.0,10.4,1004.2
2022-08-08,28.0,24.7,31.0,0.0,10.7,1006.5
2022-08-09,28.1,24.4,32.0,0.0,11.1,1007.3
2022-08-10,28.4,24.7,31.0,0.0,12.8,1006.4
2022-08-11,28.5,24.7,31.0,0.0,12.0,1006.7
2022-08-12,27.6,24.3,31.0,0.0,12.1,1006.9
2022-08-13,27.6,22.7,31.0,0.0,11.6,1006.3
2022-08-14,28.6,24.7,31.0,0.4,12.7,1005.7
2022-08-15,27.9,24.0,31.0,0.0,11.1,1007.6
2022-08-16,27.4,23.6,30.0,0.0,12.4,1008.4
2022-08-17,27.5,24.3,30.0,0.0,11.7,1006.5
2022-08-18,27.1,23.4,30.0,0.0,10.9,1004.8
2022-08-19,27.7,23.7,31.0,0.0,10.7,1004.7
2022-08-20,27.6,23.4,32.0,0.0,11.2,1005.2
2022-08-21,28.6,24.9,32.0,0.0,10.6,1004.7
2022-08-22,27.8,24.0,31.0,0.0,11.6,1006.2
2022-08-23,28.0,24.0,31.0,0.5,10.9,1008.9
2022-08-24,27.1,23.2,30.0,0.0,12.2,1008.9
2022-08-25,28.2,24.4,31.0,0.0,14.6,1007.3
2022-08-26,28.4,25.5,30.0,0.0,15.0,1007.3
2022-08-27,28.4,25.4,31.0,0.0,14.4,1008.0
2022-08-28,28.8,26.0,31.0,0.0,17.4,1007.7
2022-08-29,29.1,26.7,31.0,0.0,11.9,1009.2
2022-08-30,28.9,26.5,31.0,0.0,11.1,1010.1
2022-08-31,28.9,25.7,31.0,0.0,11.6,1008.6
2022-09-01,28.5,25.9,31.0,0.0,12.1,1007.8
2022-09-02,28.5,26.0,30.0,0.0,11.5,1008.6
2022-09-03,28.3,25.9,31.0,0.0,12.3,1010.7
2022-09-04,28.2,25.3,30.0,0.0,11.9,1010.5
2022-09-05,27.7,24.0,31.0,0.0,10.6,1009.3
2022-09-06,27.4,23.4,31.0,0.2,11.8,1007.9
2022-09-07,27.7,23.4,31.0,0.6,10.2,1008.1
2022-09-08,28.1,23.6,31.0,0.0,13.6,1009.6
2022-09-09,27.8,24.3,31.0,0.0,12.9,1010.9
2022-09-10,27.1,23.6,30.0,0.0,11.2,1010.8
2022-09-11,26.7,22.0,31.0,0.0,11.5,1009.4
2022-09-12,26.3,21.0,31.0,0.0,10.1,1006.7
2022-09-13,27.4,22.3,31.0,0.2,11.1,1006.3
2022-09-14,27.2,22.8,30.0,0.0,9.8,1010.1
2022-09-15,26.1,21.1,30.0,0.0,10.6,1012.3
2022-09-16,25.5,21.0,30.0,0.0,10.7,1010.2
2022-09-17,26.3,22.6,29.0,0.0,12.9,1007.8
2022-09-18,26.6,22.5,29.0,0.0,11.1,1008.5
2022-09-19,26.5,22.7,29.0,0.0,12.7,1010.0
2022-09-20,26.1,21.5,29.0,0.0,10.6,1008.7
2022-09-21,25.5,20.9,29.0,0.0,12.2,1008.5
2022-09-22,25.8,20.9,29.0,0.0,10.6,1009.8
2022-09-23,25.2,20.6,29.0,0.0,10.6,1011.9
2022-09-24,25.0,20.7,30.0,0.0,12.8,1014.3
2022-09-25,25.7,21.2,29.0,0.0,14.0,1014.4
2022-09-26,25.6,21.1,29.0,0.0,13.3,1013.7
2022-09-27,25.2,20.9,29.0,0.0,10.8,1013.0
2022-09-28,24.8,19.9,29.0,0.0,11.5,1013.0
2022-09-29,25.3,20.6,29.0,0.0,11.8,1013.1
2022-09-30,26.5,22.4,30.0,0.0,11.9,1014.3
2022-10-01,27.1,23.3,31.0,0.0,12.3,1014.4
2022-10-02,26.7,21.9,31.0,0.0,10.5,1010.0
2022-10-03,26.2,22.0,31.0,0.0,9.4,1006.8
2022-10-04,25.9,22.4,30.6,0.0,10.5,1010.0
2022-10-05,24.8,20.4,29.8,0.0,12.4,1015.0
2022-10-06,24.6,20.2,28.0,0.0,10.7,1014.1
2022-10-07,24.4,20.1,27.0,0.0,9.2,1013.1
2022-10-08,23.2,18.7,28.0,0.0,10.7,1013.0
2022-10-09,22.5,18.2,27.0,0.0,9.5,1014.6
2022-10-10,22.6,18.0,27.0,0.0,12.1,1016.7
2022-10-11,23.4,18.7,28.0,0.0,13.9,1015.8
2022-10-12,23.4,19.2,27.0,0.0,10.5,1014.9
2022-10-13,24.4,19.2,27.0,1.8,11.6,1014.0
2022-10-14,22.6,18.1,27.0,0.6,10.3,1012.5
2022-10-15,22.8,18.1,27.0,0.2,11.4,1011.2
2022-10-16,23.6,19.9,29.0,0.4,15.4,1011.6
2022-10-17,24.0,20.2,28.0,0.8,13.0,1014.5
2022-10-18,23.3,18.9,28.0,0.7,10.1,1016.1
2022-10-19,22.6,17.8,27.0,0.0,10.6,1014.4
2022-10-20,23.7,18.5,28.0,1.1,9.4,1013.7
2022-10-21,22.8,18.5,27.0,0.9,10.3,1013.8
2022-10-22,22.4,18.1,26.0,0.0,9.7,1016.3
2022-10-23,22.2,17.9,27.0,2.2,14.2,1017.1
2022-10-24,22.3,18.0,27.0,0.6,12.7,1016.1
2022-10-25,24.1,19.3,31.0,0.0,13.6,1012.9
2022-10-26,23.1,19.9,27.0,0.0,14.5,1014.4
2022-10-27,22.6,17.0,27.0,0.7,10.6,1016.6
2022-10-28,22.4,18.0,27.0,0.0,11.5,1015.8
2022-10-29,22.6,18.0,27.0,0.0,13.4,1013.2
2022-10-30,23.5,18.6,29.0,0.0,11.7,1012.2
2022-10-31,22.3,17.9,27.0,0.0,11.0,1014.5
2022-11-01,21.1,16.2,25.0,1.0,10.1,1015.9
2022-11-02,20.4,15.6,25.0,0.6,10.2,1016.0
2022-11-03,20.8,15.2,26.0,0.1,8.5,1016.6
2022-11-04,19.9,15.2,25.0,0.0,10.5,1016.4
2022-11-05,20.2,14.9,25.0,0.0,13.7,1015.5
2022-11-06,22.3,17.0,29.0,0.0,11.2,1014.8
2022-11-07,20.9,16.1,26.0,0.5,11.2,1013.4
2022-11-08,18.8,15.7,23.0,16.9,10.3,1012.5
2022-11-09,18.2,14.4,23.0,5.2,7.4,1014.7
2022-11-10,18.2,13.6,24.0,0.7,9.3,1017.0
2022-11-11,18.8,13.8,24.0,0.0,11.7,1018.2
2022-11-12,21.2,16.0,27.0,0.0,14.5,1019.0
2022-11-13,22.2,17.5,28.0,0.0,15.0,1018.5
2022-11-14,21.0,16.8,26.0,0.4,13.0,1016.1
2022-11-15,19.7,15.3,24.0,0.4,10.4,1015.4
2022-11-16,18.5,14.0,23.0,2.6,10.5,1014.3
2022-11-17,18.4,13.9,23.0,0.4,10.7,1016.3
2022-11-18,18.5,14.0,24.0,0.0,10.6,1018.7
2022-11-19,20.0,14.7,28.0,0.0,11.4,1021.6
2022-11-20,20.6,15.6,27.0,0.0,15.3,1021.7
2022-11-21,21.9,17.3,28.0,0.0,19.3,1016.4
2022-11-22,20.5,15.8,25.0,0.4,10.7,1016.0
2022-11-23,18.9,14.8,23.0,0.0,10.9,1015.1
2022-11-24,19.0,15.2,24.0,6.5,9.8,1010.6
2022-11-25,17.3,15.2,21.0,53.0,16.1,1010.6
2022-11-26,17.6,13.5,21.0,1.2,16.0,1015.8
2022-11-27,17.1,12.3,21.0,0.0,14.4,1015.8
2022-11-28,19.8,16.4,23.0,0.0,22.4,1010.4
2022-11-29,17.3,14.5,20.0,2.5,17.5,1011.1
2022-11-30,17.4,13.5,23.0,1.3,9.5,1015.4
2022-12-01,17.7,13.4,24.0,0.0,8.8,1018.3
2022-12-02,17.4,13.1,23.0,0.0,11.9,1018.6
2022-12-03,17.2,12.0,23.0,0.0,9.6,1017.8
2022-12-04,18.3,13.7,24.0,0.0,12.2,1018.1
2022-12-05,17.2,13.0,23.0,0.0,9.1,1018.3
2022-12-06,15.5,12.4,20.0,3.2,7.9,1017.8
2022-12-07,16.1,12.3,20.0,1.6,8.9,1018.0
2022-12-08,16.9,12.5,23.0,0.0,7.3,1019.6
2022-12-09,16.6,12.7,22.0,0.0,11.2,1020.3
2022-12-10,15.9,11.9,22.0,0.0,10.6,1019.3
2022-12-11,16.8,12.6,22.0,0.0,16.9,1016.1
2022-12-12,17.4,14.0,22.0,0.0,13.9,1012.8
2022-12-13,17.5,14.3,23.0,0.0,11.3,1013.2
2022-12-14,15.4,14.0,17.0,16.5,13.1,1015.6
2022-12-15,17.1,13.9,22.0,2.1,9.0,1018.6
2022-12-16,17.3,13.0,23.0,0.0,10.7,1020.9
2022-12-17,18.6,14.5,25.0,0.0,11.1,1021.0
2022-12-18,18.7,14.2,25.0,0.0,13.4,1021.2
2022-12-19,17.6,13.4,24.0,0.0,13.5,1018.2
2022-12-20,16.5,11.9,23.0,0.0,10.4,1014.6
2022-12-21,15.1,11.6,21.0,4.7,12.1,1013.9
2022-12-22,15.1,10.3,20.0,0.0,13.5,1014.2
2022-12-23,14.9,11.9,19.0,0.0,16.8,1012.4
2022-12-24,14.3,10.3,20.0,2.5,9.6,1014.9
2022-12-25,14.2,11.7,17.0,6.5,12.3,1016.4
2022-12-26,13.2,10.2,16.0,29.9,13.6,1015.7
2022-12-27,13.9,8.9,17.0,0.7,15.9,1022.4
2022-12-28,13.5,8.7,19.0,0.0,8.4,1026.0
2022-12-29,14.4,10.2,19.0,0.0,12.2,1024.9
2022-12-30,14.7,10.9,20.0,0.0,18.6,1024.8
2022-12-31,15.0,11.2,19.0,0.0,17.4,1024.9
2023-01-01,15.5,11.8,19.0,0.0,25.9,1024.1
2023-01-02,15.1,12.3,18.0,0.0,26.8,1023.6
2023-01-03,15.6,11.9,20.0,0.4,23.5,1021.7
2023-01-04,14.2,10.9,18.0,0.8,12.9,1019.4
2023-01-05,14.6,8.7,19.0,0.6,9.0,1020.1
2023-01-06,14.9,10.9,20.0,1.0,11.5,1021.0
2023-01-07,14.1,11.6,19.0,4.5,9.0,1020.6
2023-01-08,14.4,10.6,19.0,0.0,11.8,1017.3
2023-01-09,14.0,10.5,19.0,0.1,11.7,1018.0
2023-01-10,13.4,9.2,19.0,0.3,10.1,1023.6
2023-01-11,13.6,9.3,19.0,0.0,13.9,1022.6
2023-01-12,11.9,9.9,16.0,6.0,18.6,1018.3
2023-01-13,12.3,9.7,17.0,5.5,11.7,1017.1
2023-01-14,11.5,10.0,13.0,5.3,16.8,1016.0
2023-01-15,13.2,10.8,17.0,4.0,11.9,1017.6
2023-01-16,13.9,9.7,18.0,3.9,11.4,1016.5
2023-01-17,13.6,8.7,19.0,0.0,9.0,1022.2
2023-01-18,14.2,9.9,19.0,0.0,10.5,1024.1
2023-01-19,15.4,10.0,22.0,0.0,12.7,1021.8
2023-01-20,16.0,11.3,23.0,0.0,15.2,1016.7
2023-01-21,14.9,10.0,21.0,0.0,8.8,1017.3
2023-01-22,15.1,10.0,21.0,0.0,9.6,1018.2
2023-01-23,16.7,12.0,23.0,0.0,13.7,1019.3
2023-01-24,16.0,11.9,22.0,0.0,12.6,1019.5
2023-01-25,14.4,9.0,19.0,0.0,10.2,1018.3
2023-01-26,13.9,9.0,19.0,0.0,9.1,1018.2
2023-01-27,16.9,11.1,23.0,0.0,21.5,1014.8
2023-01-28,17.8,12.7,24.0,0.7,15.9,1012.8
2023-01-29,15.4,10.3,20.0,0.0,7.9,1013.9
2023-01-30,14.5,9.9,20.0,5.9,10.6,1011.4
2023-01-31,13.3,11.0,16.0,38.6,17.8,1009.3
2023-02-01,12.8,9.8,16.0,29.9,25.4,1009.6
2023-02-02,13.0,8.3,16.0,0.5,22.7,1018.7
2023-02-03,12.2,7.9,17.0,5.7,10.0,1022.2
2023-02-04,12.9,9.4,17.0,9.1,14.9,1015.4
2023-02-05,13.7,9.9,17.0,8.4,17.7,1010.8
2023-02-06,13.0,9.0,15.0,10.0,28.8,1007.3
2023-02-07,11.1,7.7,14.0,22.0,25.1,1012.9
2023-02-08,9.8,5.0,13.0,5.6,17.2,1020.5
2023-02-09,9.6,4.4,14.0,1.9,7.4,1024.0
2023-02-10,11.0,7.4,15.0,4.0,16.0,1021.8
2023-02-11,11.4,7.4,16.0,0.0,17.0,1018.6
2023-02-12,10.9,6.1,15.0,1.3,9.4,1020.7
2023-02-13,11.0,6.0,16.0,0.3,12.0,1022.7
2023-02-14,11.5,6.3,17.0,0.0,12.7,1018.7
2023-02-15,10.7,6.7,15.0,0.4,8.6,1019.0
2023-02-16,11.0,5.6,16.0,0.8,8.6,1024.3
2023-02-17,11.3,6.0,17.0,0.0,11.8,1027.7
2023-02-18,12.0,6.0,17.0,0.0,11.5,1026.5
2023-02-19,13.0,7.7,18.0,0.0,12.1,1024.4
2023-02-20,13.4,7.0,18.0,0.0,13.2,1020.4
2023-02-21,14.3,9.1,18.0,0.0,7.9,1019.8
2023-02-22,13.4,8.0,18.0,0.0,10.0,1017.0
2023-02-23,14.2,9.3,18.0,0.1,9.0,1015.5
2023-02-24,13.9,9.4,18.0,0.0,9.3,1016.4
2023-02-25,14.5,9.6,19.0,0.0,9.9,1017.7
2023-02-26,15.5,10.2,19.0,0.0,11.5,1019.8
2023-02-27,18.0,11.8,27.0,0.0,11.7,1021.6
2023-02-28,20.9,15.5,28.0,0.0,15.7,1019.5
2023-03-01,20.9,15.5,30.0,0.0,13.0,1015.4
2023-03-02,21.2,14.4,29.0,0.0,12.2,1012.2
2023-03-03,18.5,13.8,22.0,0.0,15.3,1014.6
2023-03-04,16.2,11.6,21.0,0.0,9.1,1018.0
2023-03-05,21.2,13.0,29.0,0.0,16.3,1011.4
2023-03-06,17.0,12.5,19.0,0.3,14.2,1015.9
2023-03-07,15.2,10.3,20.0,0.0,11.5,1017.0
2023-03-08,15.8,11.9,19.0,0.2,12.9,1014.8
2023-03-09,15.5,10.6,20.0,0.1,9.7,1017.2
2023-03-10,15.8,10.0,22.0,0.0,10.2,1017.7
2023-03-11,18.7,13.1,27.0,0.0,13.9,1012.7
2023-03-12,18.9,13.0,26.0,0.0,9.6,1009.1
2023-03-13,19.4,14.2,25.0,1.1,10.8,1008.3
2023-03-14,14.8,12.2,16.0,15.1,11.6,1009.1
2023-03-15,14.6,12.2,18.0,4.7,12.7,1010.8
2023-03-16,15.9,9.6,22.0,0.0,9.1,1013.7
2023-03-17,17.3,13.7,23.0,0.0,15.9,1011.8
2023-03-18,16.2,12.5,22.0,11.6,11.5,1010.2
2023-03-19,14.7,11.6,19.0,25.6,14.1,1010.3
2023-03-20,14.6,11.6,19.0,18.9,9.5,1010.5
2023-03-21,15.5,9.7,20.0,1.3,11.8,1012.9
2023-03-22,16.0,11.8,20.0,0.0,7.8,1013.5
2023-03-23,17.6,13.5,21.0,0.2,8.2,1012.4
2023-03-24,19.2,15.0,26.0,0.0,12.1,1009.1
2023-03-25,18.1,15.7,20.0,3.4,9.9,1005.7
2023-03-26,17.9,14.2,21.0,2.4,13.6,1010.1
2023-03-27,16.8,12.4,21.0,0.6,9.5,1014.1
2023-03-28,17.5,12.0,23.0,0.0,9.7,1015.7
2023-03-29,16.7,13.1,20.0,0.8,16.8,1016.3
2023-03-30,14.5,10.3,17.0,0.5,20.3,1017.8
2023-03-31,14.5,10.0,18.0,0.2,18.5,1018.7
2023-04-01,14.5,9.5,19.0,0.0,10.3,1019.6
2023-04-02,16.0,11.0,20.0,0.0,11.4,1018.0
2023-04-03,17.5,11.0,23.0,0.0,11.7,1013.2
2023-04-04,22.5,16.3,32.0,0.0,15.3,1010.2
2023-04-05,18.1,14.2,22.0,0.4,10.9,1015.6
2023-04-06,16.6,11.9,21.0,0.4,8.7,1016.6
2023-04-07,20.1,13.5,30.0,0.0,14.6,1012.9
2023-04-08,18.6,15.0,22.0,0.0,8.3,1014.6
2023-04-09,22.8,18.0,30.0,0.0,11.1,1010.3
2023-04-10,24.1,18.9,31.0,0.3,13.4,1005.5
2023-04-11,17.8,13.5,19.0,0.1,13.5,1007.3
2023-04-12,13.5,12.0,16.0,27.2,13.2,1007.5
2023-04-13,16.1,12.5,20.0,31.9,15.9,1013.5
2023-04-14,16.6,12.0,23.0,0.0,11.6,1018.9
2023-04-15,19.0,13.2,27.0,0.0,12.4,1015.0
2023-04-16,20.5,15.0,27.0,0.0,10.9,1011.2
2023-04-17,20.9,16.0,24.0,0.0,10.0,1010.3
2023-04-18,21.6,18.6,28.0,0.0,9.8,1011.6
2023-04-19,23.7,19.1,33.0,0.0,15.0,1010.6
2023-04-20,19.5,15.1,21.0,0.2,13.8,1010.3
2023-04-21,17.9,14.0,21.0,0.0,10.3,1011.4
2023-04-22,17.6,13.3,21.0,0.0,13.1,1010.7
2023-04-23,18.8,14.6,22.0,0.0,11.1,1010.9
2023-04-24,18.3,15.0,22.0,0.0,11.2,1013.2
2023-04-25,17.9,13.8,22.0,0.0,11.4,1014.1
2023-04-26,17.9,13.1,22.0,0.0,11.6,1013.2
2023-04-27,19.3,13.0,25.0,0.0,11.0,1009.9
2023-04-28,18.8,15.4,22.0,0.8,12.1,1010.1
2023-04-29,17.4,14.1,21.0,5.1,16.3,1010.2
2023-04-30,17.5,13.6,21.0,0.3,12.3,1013.5
2023-05-01,17.5,13.5,21.0,0.0,11.9,1015.9
2023-05-02,18.7,14.9,22.0,0.0,14.2,1016.6
2023-05-03,19.7,14.1,23.0,0.0,12.4,1017.5
2023-05-04,24.2,18.3,33.0,0.0,15.5,1013.5
2023-05-05,25.4,20.7,36.0,0.0,19.5,1007.7
2023-05-06,20.5,17.1,24.0,0.5,11.9,1010.9
2023-05-07,19.8,16.3,23.0,2.9,12.4,1012.9
2023-05-08,18.9,15.0,23.0,1.3,11.5,1013.8
2023-05-09,19.5,15.4,23.0,0.0,11.8,1013.2
2023-05-10,20.3,16.2,24.0,0.0,13.9,1011.1
2023-05-11,21.7,17.0,26.0,0.0,9.7,1007.9
2023-05-12,22.6,19.0,27.0,0.0,11.8,1010.2
2023-05-13,20.3,17.4,23.0,0.1,13.1,1016.9
2023-05-14,20.1,16.2,24.0,0.0,13.9,1016.5
2023-05-15,21.4,17.8,24.0,0.0,15.4,1011.2
2023-05-16,25.7,19.7,36.0,0.0,13.6,1007.4
2023-05-17,26.2,21.0,36.0,0.0,7.2,1006.4
2023-05-18,21.6,17.7,25.0,0.0,7.7,1011.5
2023-05-19,20.2,16.4,23.0,0.1,8.5,1012.1
2023-05-20,20.3,16.4,24.0,0.7,7.1,1010.7
2023-05-21,20.7,16.7,25.0,0.0,6.7,1009.3
2023-05-22,24.8,19.8,30.0,0.0,12.5,1006.1
2023-05-23,22.4,18.5,27.0,1.9,8.2,1011.7
2023-05-24,22.5,18.4,28.0,0.0,8.7,1010.1
2023-05-25,22.4,19.3,25.0,0.0,8.3,1011.3
2023-05-26,21.2,16.8,25.0,0.0,8.0,1012.1
2023-05-27,27.7,20.5,36.0,0.0,10.8,1007.2
2023-05-28,25.7,22.6,32.0,0.2,10.8,1006.1
2023-05-29,23.1,19.5,26.0,0.0,6.4,1009.4
2023-05-30,22.1,18.1,26.0,0.0,9.3,1013.8
2023-05-31,21.8,16.9,25.0,0.0,13.6,1014.0
2023-06-01,24.5,18.0,31.0,0.0,10.6,1012.3
2023-06-02,29.8,23.5,41.0,0.0,15.8,1008.6
2023-06-03,24.9,21.7,27.0,0.0,12.4,1012.6
2023-06-04,22.6,19.4,25.0,0.0,13.4,1014.8
2023-06-05,22.3,18.8,25.0,0.0,11.3,1012.7
2023-06-06,22.6,18.3,26.0,0.0,11.9,1011.7
2023-06-07,23.5,19.5,27.0,0.0,13.3,1010.9
2023-06-08,23.8,20.0,27.0,0.0,8.6,1009.5
2023-06-09,27.4,22.5,35.0,0.0,13.2,1005.8
2023-06-10,25.5,22.9,28.0,0.0,13.3,1005.5
2023-06-11,24.2,21.0,28.0,0.0,12.1,1008.1
2023-06-12,23.8,20.2,27.0,0.0,11.4,1007.6
2023-06-13,24.1,20.4,29.0,0.0,12.1,1007.0
2023-06-14,24.4,20.7,27.0,0.0,13.0,1008.4
2023-06-15,24.4,20.4,27.0,0.0,12.5,1010.9
2023-06-16,25.1,20.6,29.0,0.0,10.9,1009.7
2023-06-17,26.5,21.9,35.0,0.0,14.3,1007.0
2023-06-18,24.6,21.7,27.0,0.7,14.0,1010.7
2023-06-19,24.2,20.3,27.0,0.0,13.6,1011.1
2023-06-20,24.3,20.6,27.5,0.2,11.5,1010.8
2023-06-21,25.0,20.8,29.0,0.0,12.2,1009.6
2023-06-22,25.6,21.6,29.0,0.0,11.8,1008.6
2023-06-23,25.9,21.6,29.0,0.0,13.4,1008.7
2023-06-24,26.6,22.7,29.0,0.0,13.3,1008.8
2023-06-25,27.0,22.9,31.0,0.0,11.2,1008.3
2023-06-26,26.0,22.0,30.0,0.0,12.9,1007.1
2023-06-27,25.8,21.9,30.0,0.0,12.0,1007.3
2023-06-28,25.9,22.2,29.0,0.0,11.1,1009.0
2023-06-29,26.3,22.3,30.0,0.0,11.7,1010.0
2023-06-30,26.3,22.4,29.0,0.0,13.2,1008.5
2023-07-01,26.3,22.3,30.0,0.0,13.1,1007.7
2023-07-02,26.3,22.7,29.0,0.0,11.8,1009.4
2023-07-03,26.4,22.2,30.0,0.0,11.2,1010.6
2023-07-04,26.9,23.1,30.0,0.0,11.8,1009.4
2023-07-05,26.9,23.8,31.0,0.0,13.1,1008.0
2023-07-06,26.8,22.8,30.0,0.0,12.7,1007.5
2023-07-07,27.2,23.3,30.0,0.0,11.9,1007.6
2023-07-08,27.1,23.0,31.0,0.0,13.5,1007.1
2023-07-09,27.8,24.1,31.0,0.0,12.9,1005.9
2023-07-10,27.7,23.9,31.0,0.5,11.6,1006.3
2023-07-11,28.2,24.2,32.0,0.0,13.6,1008.3
2023-07-12,28.0,24.5,30.0,0.0,13.9,1010.5
2023-07-13,28.3,25.3,30.0,0.0,13.2,1009.4
2023-07-14,30.1,26.7,35.0,0.0,12.0,1007.1
2023-07-15,29.6,26.0,35.0,0.0,10.7,1006.0
2023-07-16,29.3,24.0,34.0,0.0,11.4,1004.6
2023-07-17,29.5,25.0,35.0,0.0,10.2,1005.5
2023-07-18,29.5,25.0,34.0,0.0,10.6,1004.1
2023-07-19,28.7,24.0,34.0,0.0,11.2,1003.6
2023-07-20,28.6,24.0,33.0,0.0,11.0,1005.0
2023-07-21,28.0,23.0,32.0,0.0,11.0,1007.2
2023-07-22,28.6,24.5,33.0,0.0,11.8,1008.5
2023-07-23,29.6,25.9,33.0,0.0,11.0,1006.4
2023-07-24,30.6,26.8,35.0,0.0,10.3,1003.2
2023-07-25,30.2,26.0,35.0,0.0,11.4,1001.8
2023-07-26,30.2,26.0,34.0,0.0,10.3,1004.4
2023-07-27,29.9,25.0,36.0,0.0,11.0,1006.2
2023-07-28,29.1,24.0,34.0,0.0,10.5,1006.9
2023-07-29,29.2,26.0,33.0,0.0,11.4,1005.8
2023-07-30,28.5,24.9,32.0,0.0,11.9,1004.5
2023-07-31,28.6,24.8,33.0,0.0,12.1,1003.7
2023-08-01,29.1,25.7,33.0,0.0,10.7,1005.3
2023-08-02,28.6,25.0,33.0,0.0,10.9,1008.1
2023-08-03,27.9,24.0,31.0,0.0,11.6,1009.0
2023-08-04,29.1,25.1,33.0,0.0,12.6,1008.3
2023-08-05,29.1,24.8,32.0,0.0,13.0,1007.9
2023-08-06,28.9,25.0,32.0,0.0,11.3,1008.6
2023-08-07,28.3,24.0,32.0,0.0,11.6,1008.1
2023-08-08,28.5,24.5,31.0,0.0,12.7,1006.2
2023-08-09,28.7,23.8,32.0,0.0,11.7,1007.4
2023-08-10,28.6,24.1,32.0,0.0,11.0,1009.9
2023-08-11,28.7,24.8,31.0,0.0,12.9,1010.0
2023-08-12,28.8,25.1,31.0,0.0,15.7,1007.3
2023-08-13,30.4,27.7,32.0,0.0,13.5,1006.7
2023-08-14,30.8,29.1,33.0,0.0,11.1,1008.8
2023-08-15,29.9,28.0,32.0,0.0,11.7,1009.5
2023-08-16,29.5,26.9,31.0,0.0,12.7,1007.6
2023-08-17,29.3,26.2,32.0,0.0,12.1,1006.8
2023-08-18,29.7,26.5,32.0,0.0,11.1,1007.6
2023-08-19,29.3,26.4,32.0,0.0,12.0,1008.3
2023-08-20,28.8,26.4,30.0,0.0,13.1,1007.7
2023-08-21,28.2,25.1,31.0,0.0,11.7,1007.7
2023-08-22,28.3,24.5,30.0,0.0,11.9,1008.3
2023-08-23,28.8,25.1,31.0,0.0,11.7,1009.1
2023-08-24,28.5,24.9,31.0,0.0,12.0,1009.6
2023-08-25,28.5,25.1,31.0,0.1,12.0,1009.0
2023-08-26,28.6,24.8,32.0,0.0,11.8,1008.8
2023-08-27,28.7,25.0,32.0,0.0,11.1,1008.0
2023-08-28,28.4,24.5,31.2,0.5,13.2,1006.7
2023-08-29,28.5,24.9,31.0,2.2,12.5,1005.7
2023-08-30,28.1,24.7,32.0,0.0,11.4,1008.9
2023-08-31,27.9,24.1,31.0,0.0,11.2,1011.5
2023-09-01,28.5,25.5,31.0,0.0,11.7,1011.9
2023-09-02,27.6,23.7,30.0,0.0,11.0,1011.2
2023-09-03,28.1,23.6,31.0,0.6,11.1,1008.9
2023-09-04,27.3,23.4,31.0,0.0,11.4,1006.5
2023-09-05,28.0,23.1,31.0,0.0,10.7,1008.2
2023-09-06,28.3,23.8,33.0,0.0,11.9,1011.1
2023-09-07,28.0,24.0,31.0,0.0,10.5,1010.3
2023-09-08,28.0,22.0,33.0,0.0,10.4,1007.6
2023-09-09,28.8,25.7,32.0,0.0,11.4,1009.3
2023-09-10,27.9,23.9,31.0,0.7,11.6,1008.1
2023-09-11,27.2,22.6,31.0,0.0,11.5,1006.3
2023-09-12,28.9,23.7,34.0,0.0,11.7,1005.7
2023-09-13,28.5,24.4,32.0,0.0,13.0,1008.9
2023-09-14,27.6,22.8,31.0,0.0,11.5,1010.5
2023-09-15,26.1,22.0,30.0,0.0,9.9,1011.0
2023-09-16,25.8,20.7,30.0,0.0,10.8,1010.7
2023-09-17,26.1,21.0,31.0,0.0,10.5,1009.1
2023-09-18,26.6,21.6,30.0,0.0,9.5,1008.4
2023-09-19,25.9,21.4,31.0,0.0,9.4,1009.1
2023-09-20,26.0,21.3,30.0,0.0,10.1,1011.1
2023-09-21,26.7,22.1,30.0,0.0,11.2,1011.2
2023-09-22,26.9,22.8,30.0,0.0,10.2,1012.1
2023-09-23,26.6,22.1,30.0,0.0,11.4,1010.9
2023-09-24,26.9,23.0,32.0,0.0,7.8,1009.7
2023-09-25,25.8,20.7,30.4,0.0,9.5,1010.3
2023-09-26,26.4,21.9,31.0,0.0,9.3,1009.5
2023-09-27,26.0,21.7,31.0,0.0,10.2,1011.3
2023-09-28,26.4,21.5,30.0,0.0,11.6,1013.3
2023-09-29,26.6,23.1,30.0,0.0,9.4,1014.7
2023-09-30,25.8,20.6,30.0,0.0,9.8,1014.3
2023-10-01,26.7,22.2,29.0,0.8,9.3,1012.8
2023-10-02,25.5,21.4,29.0,0.6,10.9,1012.7
2023-10-03,25.0,20.1,30.0,0.3,11.0,1014.3
2023-10-04,24.4,19.7,29.0,0.0,10.0,1016.4
2023-10-05,25.6,21.3,29.0,0.0,15.1,1015.8
2023-10-06,25.8,21.6,29.0,0.0,13.4,1014.6
2023-10-07,24.6,19.2,28.0,0.0,9.6,1015.1
2023-10-08,24.7,19.6,29.0,0.0,10.3,1015.3
2023-10-09,24.3,19.7,28.0,0.0,9.0,1015.0
2023-10-10,24.8,20.3,28.0,2.2,9.4,1013.0
2023-10-11,23.7,18.4,28.0,0.3,9.6,1013.3
2023-10-12,23.6,17.4,28.0,0.0,9.5,1016.2
2023-10-13,23.5,18.3,28.0,0.0,8.4,1017.3
2023-10-14,23.6,18.7,28.0,0.0,10.1,1014.4
2023-10-15,23.2,17.9,26.0,14.8,12.5,1012.5
2023-10-16,23.0,16.9,28.0,2.4,11.9,1013.3
2023-10-17,22.1,16.3,27.0,0.0,8.7,1015.1
2023-10-18,22.2,16.8,27.0,0.6,8.8,1014.5
2023-10-19,23.1,17.0,28.0,0.6,10.8,1015.1
2023-10-20,22.1,16.5,27.0,0.0,10.3,1016.8
2023-10-21,22.8,16.4,29.0,0.0,13.6,1015.9
2023-10-22,25.4,20.5,34.0,0.0,13.9,1014.0
2023-10-23,24.2,18.5,30.0,0.0,9.2,1013.5
2023-10-24,23.9,19.0,28.0,0.0,9.4,1012.2
2023-10-25,24.9,20.0,33.0,0.0,11.9,1013.0
2023-10-26,27.0,20.1,36.0,0.0,13.8,1012.5
2023-10-27,26.3,21.8,32.0,0.0,9.6,1011.5
2023-10-28,25.0,20.0,31.0,0.0,8.2,1012.4
2023-10-29,25.9,20.8,31.0,0.0,10.1,1013.0
2023-10-30,27.2,22.2,33.0,0.0,15.6,1014.2
2023-10-31,26.3,21.0,33.0,0.0,14.9,1013.8
2023-11-01,25.6,20.1,32.0,0.7,11.2,1013.6
2023-11-02,23.7,18.3,29.0,0.0,9.1,1014.4
2023-11-03,22.4,17.8,27.0,0.0,8.2,1015.3
2023-11-04,22.4,16.4,29.0,0.0,11.2,1014.3
2023-11-05,22.6,16.7,28.0,0.0,11.0,1014.4
2023-11-06,21.7,16.2,28.0,0.0,8.6,1017.3
2023-11-07,21.6,16.0,26.0,0.0,9.1,1018.7
2023-11-08,21.4,16.2,26.0,0.0,8.6,1017.2
2023-11-09,21.1,16.1,26.0,0.0,9.1,1016.1
2023-11-10,21.6,17.1,26.0,0.0,9.2,1017.0
2023-11-11,21.4,16.0,26.0,0.0,9.0,1016.6
2023-11-12,21.4,17.9,25.0,0.5,14.6,1016.1
2023-11-13,23.1,18.1,29.0,0.0,12.0,1015.0
2023-11-14,21.1,16.5,27.0,5.9,9.0,1012.8
2023-11-15,19.9,15.6,25.0,0.0,7.2,1014.6
2023-11-16,20.4,14.6,26.0,0.0,11.1,1016.5
2023-11-17,20.9,16.2,26.0,1.2,7.5,1016.5
2023-11-18,20.9,16.2,26.0,3.2,8.7,1013.0
2023-11-19,17.5,14.2,19.5,77.6,17.7,1005.9
2023-11-20,18.2,13.7,21.0,6.4,22.5,1009.9
2023-11-21,18.1,12.6,23.0,0.0,10.2,1017.6
2023-11-22,18.2,12.9,24.0,0.0,21.5,1017.6
2023-11-23,20.2,14.0,25.0,0.0,19.4,1014.6
2023-11-24,18.7,14.0,25.0,0.0,11.0,1012.1
2023-11-25,18.7,15.1,23.0,0.0,16.7,1008.5
2023-11-26,20.4,16.8,24.0,0.4,21.7,1009.8
2023-11-27,17.8,11.2,21.0,5.2,21.5,1015.2
2023-11-28,15.5,10.2,20.0,0.0,9.5,1019.8
2023-11-29,16.6,11.0,23.0,0.0,12.9,1018.4
2023-11-30,18.0,13.2,23.0,0.0,11.5,1018.8
2023-12-01,16.8,11.3,22.0,0.0,10.0,1020.4
2023-12-02,17.6,11.7,24.0,0.0,9.2,1019.5
2023-12-03,19.8,12.8,26.0,0.0,16.4,1018.0
2023-12-04,22.3,16.1,28.0,0.0,17.7,1015.8
2023-12-05,20.4,13.6,26.0,7.0,10.1,1013.5
2023-12-06,18.6,15.0,23.0,9.0,11.0,1014.6
2023-12-07,17.9,14.0,22.0,1.3,10.2,1017.1
2023-12-08,18.2,13.4,24.0,0.2,10.6,1012.2
2023-12-09,16.2,12.9,20.0,6.3,10.4,1013.3
2023-12-10,16.8,10.7,22.0,0.0,12.4,1016.5
2023-12-11,17.4,12.4,23.0,0.0,11.5,1013.6
2023-12-12,16.3,11.5,22.0,1.0,9.4,1013.6
2023-12-13,16.5,12.1,21.0,9.1,11.8,1015.3
2023-12-14,16.4,11.3,21.0,0.0,6.6,1021.2
2023-12-15,16.3,11.8,22.0,0.0,13.6,1022.0
2023-12-16,17.3,11.5,22.0,0.0,17.6,1020.6
2023-12-17,16.5,9.9,22.0,0.0,8.2,1021.6
2023-12-18,16.3,11.6,22.0,0.0,9.7,1020.6
2023-12-19,14.9,10.6,21.0,0.0,11.3,1019.6
2023-12-20,15.5,8.8,20.0,0.0,21.5,1017.1
2023-12-21,16.3,11.5,19.0,0.3,24.8,1011.6
2023-12-22,16.2,13.8,19.0,50.5,22.6,1009.3
2023-12-23,17.0,14.5,19.0,70.8,20.3,1010.6
2023-12-24,16.9,12.2,21.0,1.3,8.8,1017.0
2023-12-25,15.4,10.9,22.0,0.1,7.0,1021.5
2023-12-26,16.7,10.2,22.0,0.0,13.3,1021.6
2023-12-27,18.9,14.6,22.0,0.3,22.8,1017.6
2023-12-28,16.9,11.9,21.0,0.0,10.0,1020.0
2023-12-29,16.2,11.4,22.0,0.0,11.4,1021.7
2023-12-30,15.7,10.8,22.0,0.0,9.2,1021.4
2023-12-31,15.9,10.7,22.0,0.0,10.4,1019.8
2024-01-01,15.2,9.7,22.0,0.0,7.4,1020.3
2024-01-02,15.3,10.9,20.0,0.4,6.8,1019.6
2024-01-03,15.6,11.6,21.0,1.9,7.5,1019.9
2024-01-04,16.0,11.7,21.0,0.0,8.0,1019.1
2024-01-05,16.2,11.4,21.0,1.5,9.5,1019.7
2024-01-06,17.1,13.2,22.0,0.0,9.7,1021.5
2024-01-07,17.5,10.7,24.0,0.0,16.4,1018.0
2024-01-08,16.5,11.8,24.0,0.0,9.2,1017.5
2024-01-09,15.7,10.0,21.0,0.0,9.8,1015.2
2024-01-10,15.4,11.7,20.0,13.4,13.4,1015.1
2024-01-11,14.6,11.2,18.0,28.8,13.8,1014.7
2024-01-12,15.4,11.8,19.0,28.0,17.4,1013.0
2024-01-13,15.7,12.6,18.0,20.8,19.4,1010.0
2024-01-14,14.9,10.6,19.0,23.6,10.5,1014.5
2024-01-15,13.0,9.3,17.0,3.8,9.6,1021.7
2024-01-16,13.8,9.5,20.0,0.0,9.9,1022.3
2024-01-17,13.5,9.9,18.0,0.0,8.8,1020.6
2024-01-18,14.1,9.5,20.0,0.0,8.1,1021.6
2024-01-19,14.5,9.8,20.0,0.0,7.6,1021.0
2024-01-20,14.5,9.2,22.0,0.0,7.9,1020.5
2024-01-21,15.6,11.7,21.0,0.0,11.1,1016.4
2024-01-22,16.9,11.9,23.0,0.7,13.5,1013.8
2024-01-23,16.0,11.1,20.0,12.8,16.7,1015.5
2024-01-24,13.6,9.8,18.0,13.4,7.9,1018.0
2024-01-25,13.2,10.2,17.0,4.2,10.0,1017.4
2024-01-26,13.5,9.4,17.0,25.6,13.8,1013.7
2024-01-27,11.9,7.3,16.0,5.7,13.7,1016.4
2024-01-28,11.6,7.2,16.0,11.8,10.4,1019.2
2024-01-29,10.9,8.7,14.0,10.3,11.5,1017.6
2024-01-30,10.6,9.0,12.0,30.4,18.1,1017.8
2024-01-31,10.0,6.3,12.3,7.6,14.7,1021.0
2024-02-01,9.4,6.0,13.0,5.5,11.0,1019.4
2024-02-02,11.7,9.1,17.0,2.5,13.1,1018.5
2024-02-03,12.0,9.1,16.0,6.4,12.6,1021.6
2024-02-04,12.1,9.6,16.0,11.2,12.4,1022.5
2024-02-05,13.2,9.3,17.0,8.0,11.5,1022.0
2024-02-06,14.8,10.5,19.0,0.2,7.3,1024.4
2024-02-07,14.8,9.5,20.0,0.0,8.2,1024.6
2024-02-08,16.0,9.8,23.0,0.0,10.6,1019.8
2024-02-09,14.2,8.9,20.0,0.8,7.2,1017.2
2024-02-10,14.2,9.6,19.0,0.2,8.7,1019.2
2024-02-11,14.0,7.7,21.0,0.0,9.2,1021.8
2024-02-12,16.8,10.8,22.0,0.0,17.7,1017.0
2024-02-13,18.0,14.3,22.0,1.5,16.6,1009.3
2024-02-14,14.4,11.2,17.2,8.7,11.7,1008.9
2024-02-15,12.8,9.7,17.0,4.4,11.1,1011.4
2024-02-16,11.6,9.7,14.0,9.0,14.5,1014.1
2024-02-17,12.9,10.1,16.0,5.2,14.0,1019.2
2024-02-18,13.8,10.1,19.0,10.4,9.6,1020.8
2024-02-19,14.0,9.1,18.0,6.5,10.7,1018.2
2024-02-20,12.2,8.3,18.0,0.7,7.8,1019.8
2024-02-21,13.5,8.3,19.0,0.0,9.3,1020.6
2024-02-22,14.2,8.7,19.0,0.0,8.7,1019.7
2024-02-23,14.1,9.6,18.0,0.0,8.6,1019.6
2024-02-24,15.2,11.2,19.0,0.0,9.5,1018.8
2024-02-25,14.5,9.6,19.0,0.1,8.9,1019.5
2024-02-26,15.3,9.4,23.0,0.0,10.5,1013.8
2024-02-27,15.7,11.3,20.0,0.0,16.9,1014.4
2024-02-28,15.1,9.8,21.0,0.0,15.4,1020.0
2024-02-29,16.0,10.9,22.0,0.0,20.6,1020.7
2024-03-01,16.4,11.6,22.0,0.0,25.8,1016.0
2024-03-02,17.4,13.1,23.0,3.9,22.1,1012.0
2024-03-03,16.4,11.9,19.0,9.8,13.7,1014.5
2024-03-04,15.0,10.5,20.0,0.7,7.8,1015.9
2024-03-05,15.1,9.8,21.0,0.0,8.7,1015.8
2024-03-06,15.6,11.0,21.0,2.7,10.4,1014.6
2024-03-07,15.7,11.1,19.0,2.3,9.4,1017.0
2024-03-08,15.2,10.4,20.0,1.2,8.3,1017.4
2024-03-09,15.1,10.6,19.0,2.4,8.8,1016.4
2024-03-10,14.4,9.5,19.0,0.0,8.9,1016.3
2024-03-11,14.9,9.4,19.0,0.0,12.0,1021.6
2024-03-12,18.0,10.4,27.0,0.0,16.0,1018.2
2024-03-13,19.4,14.5,27.0,0.0,14.8,1013.4
2024-03-14,16.6,13.0,20.0,0.5,8.7,1015.3
2024-03-15,15.2,10.6,19.0,1.2,8.9,1017.0
2024-03-16,14.9,9.1,19.0,1.3,8.9,1018.2
2024-03-17,16.6,11.8,21.0,0.1,14.2,1012.2
2024-03-18,17.8,14.5,21.0,8.1,14.9,1006.6
2024-03-19,14.9,12.6,18.0,11.0,14.1,1010.6
2024-03-20,15.8,11.7,20.0,3.4,12.1,1016.1
2024-03-21,17.3,12.3,24.0,0.8,11.3,1013.8
2024-03-22,16.0,12.1,19.0,1.0,12.5,1012.7
2024-03-23,14.8,10.4,18.0,0.0,9.5,1012.2
2024-03-24,15.0,11.3,18.0,0.1,12.4,1009.7
2024-03-25,15.8,10.7,20.0,0.0,12.3,1015.8
2024-03-26,16.9,10.5,22.0,0.0,15.3,1018.2
2024-03-27,19.9,14.1,26.0,0.0,11.5,1017.8
2024-03-28,21.7,16.6,31.0,0.0,12.5,1014.4
2024-03-29,21.3,17.6,26.0,0.0,8.6,1011.9
2024-03-30,20.6,16.0,29.0,0.0,9.8,1015.5
2024-03-31,23.2,17.4,32.0,0.0,13.9,1018.3
2024-04-01,23.5,18.3,31.0,0.0,12.6,1016.4
2024-04-02,22.5,18.8,30.0,0.0,10.8,1012.6
2024-04-03,21.1,17.2,27.0,0.0,9.4,1013.1
2024-04-04,19.6,15.3,27.0,0.0,7.4,1015.1
2024-04-05,18.9,15.0,25.0,0.0,8.2,1015.3
2024-04-06,18.5,14.4,22.0,0.1,9.3,1013.4
2024-04-07,18.8,14.0,23.0,0.2,10.9,1010.0
2024-04-08,18.7,14.5,24.0,1.5,12.0,1009.1
2024-04-09,17.7,14.9,21.0,2.6,14.3,1009.0
2024-04-10,17.6,14.2,21.0,9.7,13.9,1012.2
2024-04-11,18.7,14.2,23.0,0.6,9.9,1015.9
2024-04-12,18.5,14.5,22.0,0.0,8.9,1015.8
2024-04-13,18.8,13.4,22.0,0.1,11.0,1014.7
2024-04-14,19.5,15.0,23.0,0.0,11.0,1013.0
2024-04-15,20.0,14.8,23.0,0.0,10.2,1013.8
2024-04-16,20.4,15.3,24.0,0.0,9.5,1014.8
2024-04-17,24.7,18.8,33.0,0.0,13.1,1009.7
2024-04-18,23.2,18.8,26.0,0.0,13.3,1009.9
2024-04-19,20.0,16.2,23.0,0.4,10.5,1012.6
2024-04-20,18.7,13.8,22.0,0.0,9.2,1011.2
2024-04-21,19.6,15.9,22.0,0.6,11.6,1014.8
2024-04-22,19.0,13.6,23.0,0.0,10.1,1018.5
2024-04-23,22.0,16.6,27.0,0.0,11.3,1016.0
2024-04-24,28.2,20.8,39.0,0.0,16.9,1010.0
2024-04-25,30.6,23.0,40.0,0.0,18.7,1005.3
2024-04-26,23.3,21.4,26.0,0.0,9.9,1007.5
2024-04-27,22.1,20.1,25.0,0.4,10.1,1008.9
2024-04-28,22.4,19.4,26.0,0.0,10.5,1010.9
2024-04-29,21.6,19.0,24.0,0.0,10.7,1011.0
2024-04-30,21.6,18.8,25.0,0.0,11.7,1009.4
2024-05-01,21.6,17.6,25.0,0.3,11.1,1009.2
2024-05-02,21.6,18.6,25.0,0.0,11.6,1009.3
2024-05-03,21.5,18.7,24.0,0.0,13.3,1009.4
2024-05-04,21.7,17.7,25.0,0.0,14.8,1011.0
2024-05-05,19.7,15.9,23.0,0.8,14.5,1009.1
2024-05-06,19.5,14.9,23.0,2.8,11.6,1010.6
2024-05-07,20.0,14.9,24.0,0.0,11.6,1014.5
2024-05-08,19.2,13.1,23.0,0.0,11.2,1015.8
2024-05-09,24.1,16.8,35.0,0.0,14.4,1010.0
2024-05-10,28.3,20.4,38.0,0.0,14.8,1006.9
2024-05-11,23.4,19.3,26.0,0.0,12.3,1009.7
2024-05-12,20.7,15.8,24.0,1.5,11.6,1011.7
2024-05-13,20.7,17.9,23.0,1.6,14.9,1011.5
2024-05-14,20.8,16.2,24.0,0.4,10.0,1012.1
2024-05-15,20.2,15.6,25.0,0.0,10.2,1014.6
2024-05-16,20.4,15.2,24.0,0.0,11.2,1017.8
2024-05-17,21.3,16.9,24.0,0.0,9.3,1018.3
2024-05-18,23.1,18.9,27.0,0.0,8.7,1015.2
2024-05-19,23.6,19.0,29.0,0.0,9.8,1011.8
2024-05-20,26.2,20.0,34.0,0.0,9.1,1009.0
2024-05-21,24.7,21.0,28.0,0.0,10.7,1010.5
2024-05-22,24.9,20.0,31.0,0.0,8.8,1011.4
2024-05-23,26.6,21.0,34.0,0.0,8.6,1010.5
2024-05-24,23.2,19.7,26.0,0.0,15.4,1010.8
2024-05-25,22.8,19.4,26.0,0.3,14.0,1010.3
2024-05-26,22.3,17.9,26.4,0.0,10.4,1012.2
2024-05-27,25.9,19.3,35.7,0.0,20.3,1008.2
2024-05-28,23.3,20.7,25.6,0.0,10.8,1011.6
2024-05-29,23.0,20.1,25.0,0.0,12.4,1011.7
2024-05-30,23.1,19.2,25.5,0.0,11.8,1012.8
2024-05-31,22.7,18.7,24.7,0.0,11.7,1016.1
2024-06-01,23.0,18.5,25.2,0.0,13.4,1016.6
2024-06-02,25.0,22.2,27.2,0.0,14.5,1012.0
2024-06-03,26.2,24.1,28.2,0.0,13.0,1007.9
2024-06-04,27.0,22.6,31.2,0.0,10.1,1007.4
2024-06-05,27.0,22.2,32.1,0.0,9.7,1007.0
2024-06-06,26.6,22.5,31.5,0.0,10.7,1007.0
2024-06-07,28.2,23.6,33.6,0.0,11.0,1006.5
2024-06-08,28.3,22.9,34.7,0.0,9.3,1004.1
2024-06-09,27.2,25.1,29.7,0.0,12.6,1005.1
2024-06-10,26.7,23.5,29.7,0.0,11.9,1008.0
2024-06-11,26.8,22.7,30.2,0.0,10.7,1009.4
2024-06-12,27.4,25.0,30.9,0.0,11.8,1010.3
2024-06-13,27.5,25.6,29.4,0.0,12.2,1010.1
2024-06-14,28.4,25.7,30.5,0.0,11.4,1007.3
2024-06-15,30.4,27.7,35.5,0.0,10.5,1004.9
2024-06-16,28.0,24.0,31.1,0.0,10.5,1007.1
2024-06-17,27.0,23.0,30.0,0.0,10.9,1009.2
2024-06-18,25.9,21.6,28.4,0.0,11.8,1008.8
2024-06-19,27.3,25.7,29.2,0.0,13.1,1007.8
2024-06-20,27.8,26.6,29.5,0.0,13.5,1007.1
2024-06-21,28.2,25.7,32.5,0.0,11.1,1006.2
2024-06-22,27.4,23.7,29.9,0.0,10.3,1003.8
2024-06-23,28.0,24.7,30.9,0.1,12.1,1003.6
2024-06-24,28.6,26.7,31.4,0.0,12.1,1006.2
2024-06-25,27.9,23.5,31.7,0.0,10.6,1006.4
2024-06-26,27.8,25.7,30.2,0.0,12.2,1005.0
2024-06-27,28.5,25.0,30.9,0.0,11.9,1005.1
2024-06-28,28.7,25.1,31.7,0.0,11.1,1004.2
2024-06-29,28.7,26.0,31.6,0.0,11.5,1002.0
2024-06-30,28.1,24.6,30.7,0.1,11.2,1003.3
2024-07-01,28.7,26.2,31.2,0.0,13.2,1004.4
2024-07-02,28.9,26.4,31.1,0.0,13.2,1003.3
2024-07-03,28.9,25.1,32.2,0.0,11.0,1003.9
2024-07-04,28.5,23.2,32.7,0.0,9.6,1005.9
2024-07-05,28.4,25.9,30.4,0.0,11.9,1006.9
2024-07-06,28.4,26.7,30.6,0.0,13.1,1005.1
2024-07-07,28.6,25.0,31.1,0.0,11.9,1003.7
2024-07-08,29.3,27.0,32.5,0.0,12.5,1003.3
2024-07-09,29.2,25.6,33.0,0.0,10.7,1003.7
2024-07-10,29.2,24.9,33.7,0.0,10.1,1005.0
2024-07-11,28.8,24.5,31.7,0.0,11.5,1007.1
2024-07-12,29.1,24.6,33.0,0.0,10.3,1006.6
2024-07-13,29.8,26.1,33.4,0.0,11.4,1005.5
2024-07-14,29.3,24.7,32.0,1.9,15.1,1004.0
2024-07-15,29.6,26.1,32.2,0.0,12.6,1003.7
2024-07-16,29.4,25.7,33.1,0.0,11.0,1004.7
2024-07-17,29.4,26.7,32.9,0.0,11.6,1006.0
2024-07-18,29.5,27.2,32.4,0.0,11.7,1005.8
2024-07-19,30.0,28.0,32.6,0.0,13.2,1003.3
2024-07-20,30.3,28.0,32.9,0.0,11.8,1002.4
2024-07-21,30.5,27.7,33.5,0.0,11.0,1004.6
2024-07-22,30.3,27.5,33.6,0.0,11.9,1005.2
2024-07-23,30.5,28.1,33.6,0.0,11.9,1005.5
2024-07-24,29.8,26.1,32.2,0.0,12.4,1003.3
2024-07-25,30.3,28.2,32.9,0.0,12.4,1001.9
2024-07-26,29.9,27.5,32.0,0.0,11.5,1002.2
2024-07-27,29.9,27.0,32.2,0.1,13.4,1005.5
2024-07-28,30.3,25.9,32.7,0.0,13.4,1007.1
2024-07-29,30.9,29.0,33.9,0.0,13.3,1004.2
2024-07-30,30.1,26.2,33.2,0.0,12.8,1002.4
2024-07-31,29.7,26.7,32.9,0.0,10.1,1004.2
2024-08-01,29.9,26.2,33.2,0.0,11.5,1005.6
2024-08-02,29.8,26.1,32.7,0.0,11.2,1005.4
2024-08-03,29.7,27.2,32.0,0.0,12.0,1005.0
2024-08-04,28.8,25.5,31.7,0.0,10.8,1005.7
2024-08-05,29.1,26.0,31.6,0.0,11.5,1005.1
2024-08-06,29.5,27.5,32.1,0.0,12.7,1005.1
2024-08-07,29.3,25.2,32.4,0.0,11.9,1005.5
2024-08-08,29.8,27.4,32.7,0.0,11.7,1006.7
2024-08-09,29.1,25.2,32.4,0.0,10.7,1007.8
2024-08-10,29.5,27.0,31.6,0.0,11.9,1008.6
2024-08-11,29.6,28.0,31.5,0.0,12.2,1006.8
2024-08-12,30.0,28.2,32.6,0.0,12.8,1005.4
2024-08-13,29.9,28.1,32.7,0.0,12.0,1006.4
2024-08-14,29.2,26.0,32.2,0.0,10.0,1007.0
2024-08-15,29.4,25.7,31.7,0.0,10.5,1007.2
2024-08-16,29.8,27.7,32.2,0.0,11.8,1004.9
2024-08-17,29.8,27.0,32.6,0.2,11.4,1003.1
2024-08-18,29.7,26.1,33.4,0.0,10.1,1004.7
2024-08-19,29.3,25.4,33.2,0.0,9.7,1007.5
2024-08-20,28.8,25.7,31.6,0.0,10.5,1008.0
2024-08-21,29.0,25.4,31.5,0.0,11.1,1005.9
2024-08-22,29.9,28.6,31.7,0.0,12.7,1005.4
2024-08-23,29.5,26.2,31.9,0.0,10.8,1007.6
2024-08-24,29.6,27.7,32.1,0.0,10.9,1007.6
2024-08-25,29.7,26.7,32.9,0.0,10.0,1006.2
2024-08-26,29.4,25.9,31.9,0.0,11.2,1006.9
2024-08-27,29.4,26.2,31.7,0.0,11.1,1008.6
2024-08-28,28.8,25.1,31.6,0.0,11.0,1010.9
2024-08-29,29.2,28.1,30.9,0.0,13.3,1010.4
2024-08-30,29.3,27.4,31.1,0.0,14.3,1009.9
2024-08-31,29.3,27.7,31.1,0.0,13.1,1009.3
2024-09-01,29.1,27.7,31.2,0.0,12.0,1009.3
2024-09-02,28.7,25.1,31.5,0.0,11.7,1012.1
2024-09-03,28.2,24.9,30.6,0.0,11.1,1012.0
2024-09-04,28.6,27.1,31.0,0.0,12.0,1010.1
2024-09-05,28.2,24.5,30.7,0.0,10.8,1008.1
2024-09-06,28.7,26.0,31.5,0.5,10.6,1008.0
2024-09-07,29.0,26.1,32.4,0.0,10.1,1009.0
2024-09-08,29.0,25.0,32.5,0.0,9.6,1008.3
2024-09-09,28.2,24.2,31.7,0.0,10.8,1008.3
2024-09-10,28.3,26.9,30.1,0.0,12.6,1008.6
2024-09-11,27.6,22.9,30.5,0.0,11.7,1009.7
2024-09-12,28.9,24.1,32.1,0.0,12.2,1010.3
2024-09-13,29.0,26.6,31.0,0.0,14.2,1009.4
2024-09-14,28.4,27.0,30.1,0.0,14.1,1008.7
2024-09-15,28.5,27.5,30.5,0.0,15.2,1007.6
2024-09-16,27.5,23.8,29.0,0.0,13.7,1009.2
2024-09-17,26.0,22.3,29.0,1.0,10.1,1012.8
2024-09-18,26.2,21.1,29.0,0.2,11.8,1013.6
2024-09-19,26.3,21.1,29.0,0.0,10.4,1011.7
2024-09-20,26.4,21.5,31.0,0.0,9.7,1010.9
2024-09-21,25.9,21.5,30.0,0.4,10.0,1010.9
2024-09-22,25.8,21.7,29.0,1.5,12.0,1010.9
2024-09-23,24.4,19.6,30.0,0.9,9.8,1012.0
2024-09-24,25.0,19.2,30.0,0.0,12.4,1013.2
2024-09-25,26.1,21.2,30.0,0.0,15.8,1012.4
2024-09-26,26.4,21.8,30.0,0.0,13.6,1010.8
2024-09-27,25.9,20.7,30.0,0.0,10.2,1009.8
2024-09-28,25.5,20.7,30.0,0.0,9.2,1009.3
2024-09-29,25.7,21.6,30.0,0.0,9.2,1009.0
2024-09-30,24.2,18.7,29.0,0.0,9.5,1008.9
2024-10-01,24.4,20.2,28.0,1.3,12.7,1008.4
2024-10-02,23.8,19.0,27.0,0.0,10.6,1011.2
2024-10-03,23.1,17.0,28.0,0.0,10.1,1014.3
2024-10-04,23.9,18.0,29.0,0.0,12.0,1013.6
2024-10-05,24.2,19.0,29.0,0.0,12.4,1011.6
2024-10-06,24.9,20.4,28.0,0.0,11.6,1010.9
2024-10-07,24.8,20.6,28.0,0.0,10.4,1013.1
2024-10-08,24.5,19.0,29.0,0.0,11.0,1015.4
2024-10-09,24.2,18.8,28.0,0.0,10.4,1014.5
2024-10-10,23.6,18.7,28.0,0.0,9.9,1012.5
2024-10-11,23.2,17.7,27.5,0.0,8.3,1012.0
2024-10-12,23.4,18.7,28.1,0.0,9.2,1012.5
2024-10-13,23.7,18.4,28.0,0.0,8.9,1012.9
2024-10-14,24.0,18.7,30.0,0.0,8.0,1012.4
2024-10-15,24.2,18.9,29.0,0.0,8.7,1012.8
2024-10-16,23.9,20.0,27.0,0.0,9.2,1013.7
2024-10-17,23.1,17.8,28.0,0.2,9.1,1012.6
2024-10-18,23.2,18.2,28.0,2.1,12.2,1011.8
2024-10-19,20.9,15.2,26.0,0.0,14.3,1015.7
2024-10-20,20.4,14.6,26.0,0.0,15.3,1018.4
2024-10-21,20.6,15.2,26.0,0.0,17.9,1018.4
2024-10-22,19.4,13.7,25.0,0.0,19.1,1017.6
2024-10-23,18.5,12.1,26.0,0.0,14.5,1019.3
2024-10-24,19.0,12.3,26.0,0.0,15.4,1019.6
2024-10-25,19.8,13.4,28.0,0.0,16.2,1017.3
2024-10-26,21.3,15.4,29.0,0.0,17.8,1016.0
2024-10-27,20.8,14.2,28.0,0.0,11.9,1017.8
2024-10-28,20.9,15.6,28.0,0.0,11.5,1016.2
2024-10-29,20.0,14.4,25.0,0.0,11.1,1013.4
2024-10-30,19.9,14.3,25.0,0.0,9.3,1011.8
2024-10-31,20.1,15.5,24.0,0.0,11.9,1012.2
2024-11-01,22.1,17.3,28.0,0.0,13.5,1012.4
2024-11-02,22.8,17.7,29.0,1.3,13.7,1013.2
2024-11-03,20.0,16.5,25.0,2.1,10.2,1015.4
2024-11-04,19.2,15.1,24.0,1.5,9.9,1016.5
2024-11-05,19.3,14.5,25.0,0.0,12.0,1017.9
2024-11-06,20.8,16.0,26.0,0.0,13.4,1018.1
2024-11-07,22.0,18.5,28.0,0.0,15.4,1019.3
2024-11-08,22.1,18.5,28.0,0.0,16.7,1018.1
2024-11-09,21.5,17.4,28.0,0.0,14.8,1015.1
2024-11-10,21.3,16.8,27.0,3.9,16.3,1014.5
2024-11-11,19.3,15.5,23.0,0.5,10.6,1018.5
2024-11-12,19.5,15.5,24.0,0.0,9.9,1019.4
2024-11-13,19.3,15.4,23.0,0.5,12.0,1020.0
2024-11-14,19.1,15.0,23.0,0.0,10.0,1018.2
2024-11-15,18.5,14.0,23.0,0.0,12.9,1015.7
2024-11-16,19.2,15.3,24.0,0.0,10.2,1016.5
2024-11-17,19.1,14.7,25.0,2.5,11.8,1014.5
2024-11-18,17.9,14.7,22.0,19.7,11.7,1014.3
2024-11-19,16.8,13.7,21.0,6.5,11.3,1017.1
2024-11-20,17.1,13.8,22.0,1.4,10.5,1018.0
2024-11-21,17.3,14.1,22.0,1.8,8.8,1018.4
2024-11-22,19.2,14.3,27.0,0.0,10.8,1019.5
2024-11-23,20.6,16.4,27.0,0.0,13.5,1017.4
2024-11-24,17.0,13.2,21.0,1.0,17.9,1014.2
2024-11-25,13.7,10.0,16.0,0.9,17.6,1015.3
2024-11-26,11.8,9.1,14.0,4.5,10.9,1018.4
2024-11-27,12.4,9.1,17.0,0.8,13.6,1021.6
2024-11-28,14.8,11.6,19.0,0.5,10.0,1022.2
2024-11-29,15.4,12.1,19.0,0.0,9.5,1021.5
2024-11-30,15.0,10.9,20.0,0.0,11.2,1022.3
2024-12-01,14.7,10.0,19.0,0.0,12.3,1020.4
2024-12-02,14.5,9.0,20.0,0.0,10.8,1017.7
2024-12-03,14.7,10.0,22.0,0.0,10.4,1016.3
2024-12-04,15.9,11.6,21.0,1.3,12.9,1017.8
2024-12-05,16.4,12.8,21.0,1.2,9.8,1019.5
2024-12-06,17.9,13.0,24.0,0.0,19.4,1018.6
2024-12-07,17.9,14.2,22.0,0.0,15.9,1018.8
2024-12-08,16.9,11.0,22.0,0.1,8.7,1020.3
2024-12-09,16.5,12.0,23.0,0.0,10.8,1023.9
2024-12-10,17.4,12.5,24.0,0.0,12.8,1023.0
2024-12-11,17.7,13.9,23.0,0.0,11.3,1020.8
2024-12-12,17.3,13.0,21.0,0.0,10.8,1019.7
2024-12-13,17.3,12.5,21.0,0.0,15.6,1019.2
2024-12-14,14.7,9.8,19.0,0.0,13.5,1024.2
2024-12-15,14.5,9.1,20.0,0.0,14.4,1026.0
2024-12-16,14.1,9.8,20.0,0.0,11.7,1023.2
2024-12-17,15.0,10.4,21.0,0.3,10.8,1023.5
2024-12-18,15.2,10.5,22.0,0.0,11.9,1021.1
2024-12-19,16.8,10.7,22.0,0.0,20.2,1014.6
2024-12-20,14.8,11.8,19.0,1.4,12.8,1014.4
2024-12-21,15.7,11.5,21.0,3.7,11.4,1020.5
2024-12-22,15.9,12.7,20.0,4.8,11.2,1019.4
2024-12-23,15.8,12.8,20.0,1.3,12.5,1014.5
2024-12-24,15.0,12.6,18.0,2.0,14.1,1016.7
2024-12-25,15.6,11.4,23.0,0.0,13.6,1014.9
2024-12-26,14.6,11.0,19.0,0.3,9.3,1015.6
2024-12-27,12.3,10.0,15.0,14.4,17.4,1014.3
2024-12-28,12.1,9.3,15.3,16.7,20.4,1017.9
2024-12-29,13.0,11.0,17.0,18.3,15.3,1019.3
2024-12-30,12.2,10.6,14.1,10.0,17.3,1019.6
2024-12-31,12.0,8.9,15.0,12.1,13.4,1021.6
2025-01-01,12.0,7.4,17.5,0.0,8.8,1027.2
2025-01-02,12.6,8.6,18.2,0.0,8.6,1027.6
2025-01-03,12.8,8.9,18.0,0.0,10.8,1024.4
2025-01-04,14.3,9.7,18.9,0.0,12.8,1019.6
2025-01-05,18.3,16.2,21.9,0.0,19.7,1012.0
2025-01-06,15.6,12.7,19.5,0.0,11.1,1017.9
2025-01-07,14.5,10.7,19.7,0.0,11.9,1024.5
2025-01-08,14.4,9.4,20.5,0.0,12.0,1023.3
2025-01-09,16.3,10.7,20.7,0.0,17.7,1018.4
2025-01-10,16.7,13.0,20.9,0.9,16.3,1014.6
2025-01-11,14.4,11.2,18.4,0.7,9.8,1017.4
2025-01-12,14.6,11.7,18.0,0.8,8.4,1021.8
2025-01-13,17.1,12.5,22.2,0.0,14.5,1022.2
2025-01-14,17.9,14.0,22.7,0.0,17.3,1019.5
2025-01-15,16.8,13.0,22.1,0.0,11.1,1018.2
2025-01-16,16.1,12.7,19.7,0.0,6.6,1023.0
2025-01-17,15.6,11.0,18.9,0.0,10.1,1023.9
2025-01-18,15.0,9.1,18.7,0.0,9.9,1021.3
2025-01-19,14.7,9.5,18.5,0.0,7.7,1019.5
2025-01-20,14.9,10.2,19.2,0.0,7.2,1019.4
2025-01-21,15.6,10.9,21.1,0.0,13.3,1021.6
2025-01-22,16.2,13.7,18.6,1.7,16.1,1019.4
2025-01-23,15.6,11.6,20.0,6.7,9.1,1020.2
2025-01-24,14.2,10.7,18.5,1.6,7.7,1021.0
2025-01-25,14.8,11.6,19.2,0.0,9.6,1019.9
2025-01-26,14.9,10.2,19.7,1.3,8.9,1019.2
2025-01-27,15.7,10.6,21.0,0.0,8.2,1019.0
2025-01-28,15.4,11.7,19.6,0.0,12.9,1019.9
2025-01-29,16.6,12.0,21.2,0.0,14.3,1022.0
2025-01-30,16.1,10.4,23.2,0.0,10.8,1023.5
2025-01-31,13.9,9.2,18.7,2.6,6.8,1021.8
2025-02-01,14.4,9.9,18.7,0.0,7.7,1022.4
2025-02-02,14.3,9.6,18.4,0.0,9.5,1021.9
2025-02-03,14.5,10.4,18.2,0.3,6.6,1017.6
2025-02-04,14.3,8.2,18.7,0.0,8.5,1015.3
2025-02-05,14.8,10.7,18.1,18.2,15.7,1010.2
2025-02-06,12.7,10.2,14.1,7.8,25.0,1010.1
2025-02-07,11.2,8.5,14.2,0.0,14.2,1017.3
2025-02-08,13.1,10.7,15.2,0.0,12.8,1019.7
2025-02-09,11.1,9.6,13.2,8.5,12.4,1017.9
2025-02-10,11.7,9.9,15.9,6.2,11.8,1016.5
2025-02-11,12.4,10.1,16.6,3.5,8.5,1018.1
2025-02-12,11.2,8.9,14.6,10.5,8.9,1019.2
2025-02-13,14.1,10.2,16.7,1.9,13.9,1020.5
2025-02-14,12.4,7.2,16.0,0.0,8.4,1021.3
2025-02-15,14.1,7.1,20.2,0.0,13.2,1015.4
2025-02-16,15.9,11.4,19.0,0.3,16.0,1013.4
2025-02-17,14.1,8.2,19.5,0.6,9.3,1016.9
2025-02-18,15.2,10.0,21.7,0.0,8.6,1017.7
2025-02-19,15.9,12.0,19.2,2.0,8.9,1014.8
2025-02-20,15.6,9.9,17.7,3.6,18.4,1014.3
2025-02-21,12.7,9.9,14.0,0.1,16.3,1017.9
2025-02-22,9.4,6.7,11.9,1.9,11.0,1019.6
2025-02-23,8.2,5.5,10.1,0.8,14.7,1023.4
2025-02-24,7.7,4.9,11.0,0.0,12.1,1026.0
2025-02-25,8.1,2.2,13.5,0.0,9.5,1025.5
2025-02-26,10.5,4.2,15.0,0.0,10.4,1022.9
2025-02-27,12.4,5.6,17.2,0.0,9.7,1023.4
2025-02-28,13.0,6.1,17.4,0.0,9.7,1019.7
2025-03-01,14.1,10.9,17.7,8.3,8.0,1020.2
2025-03-02,14.1,8.6,18.2,0.0,10.3,1022.0
2025-03-03,15.5,9.6,20.5,0.0,10.6,1013.9
2025-03-04,17.0,13.6,19.1,0.0,9.3,1008.6
2025-03-05,16.6,13.1,20.1,0.1,17.6,1013.4
2025-03-06,17.0,14.2,20.7,0.0,20.6,1017.0
2025-03-07,15.0,13.2,17.1,2.9,5.8,1014.3
2025-03-08,17.0,12.7,21.2,0.0,8.6,1012.3
2025-03-09,16.2,10.6,21.0,0.0,9.7,1014.3
2025-03-10,16.9,12.6,19.9,0.7,8.1,1018.1
2025-03-11,16.2,11.2,19.6,0.0,11.2,1020.4
2025-03-12,18.8,11.9,27.5,0.0,9.8,1018.4
2025-03-13,22.8,16.5,29.9,0.0,16.3,1014.8
2025-03-14,23.3,20.0,29.5,0.0,13.1,1015.0
2025-03-15,19.8,13.9,24.7,0.0,8.6,1017.2
2025-03-16,22.5,17.2,30.2,0.0,10.8,1016.4
2025-03-17,22.5,16.0,32.6,0.0,9.0,1012.2
2025-03-18,21.0,18.4,26.4,0.0,10.4,1010.1
2025-03-19,18.3,14.5,20.9,0.0,16.7,1013.3
2025-03-20,13.8,11.2,16.2,0.0,21.0,1014.0
2025-03-21,11.8,8.0,14.2,0.0,9.7,1018.0
2025-03-22,13.1,10.1,16.5,0.6,9.1,1021.1
2025-03-23,13.6,7.7,17.6,0.0,9.5,1025.8
2025-03-24,15.1,8.7,18.7,0.0,14.3,1027.0
2025-03-25,17.4,12.0,20.0,0.0,13.1,1022.7
2025-03-26,18.8,13.5,23.6,0.0,8.3,1015.5
2025-03-27,23.4,15.7,33.2,0.0,12.0,1009.5
2025-03-28,25.2,18.6,33.6,0.0,15.4,1006.4
2025-03-29,19.0,18.0,19.9,0.0,14.1,1010.2
2025-03-30,17.9,13.7,20.7,2.2,10.7,1010.5
2025-03-31,18.7,13.1,26.5,0.0,16.5,1011.6
2025-04-01,24.5,20.6,29.5,1.2,19.4,1005.8
2025-04-02,20.5,16.6,23.7,0.0,10.8,1012.2
2025-04-03,18.3,13.4,23.7,0.0,11.3,1014.7
2025-04-04,17.4,12.5,20.6,0.1,10.6,1013.0
2025-04-05,18.0,13.5,21.6,1.7,10.2,1012.2
2025-04-06,19.5,13.4,28.2,0.0,14.4,1008.9
2025-04-07,19.6,18.7,20.7,0.0,12.5,1012.6
2025-04-08,22.1,15.2,29.5,0.1,9.2,1010.2
2025-04-09,20.1,18.1,23.5,0.0,14.5,1011.2
2025-04-10,17.6,16.5,19.2,1.8,19.4,1014.6
2025-04-11,17.2,16.2,19.0,4.1,16.2,1012.6
2025-04-12,17.5,15.7,19.6,1.2,15.8,1012.5
2025-04-13,16.6,13.5,19.7,0.0,11.5,1013.6
2025-04-14,16.6,13.2,19.2,4.0,13.2,1016.4
2025-04-15,17.6,13.7,20.0,0.0,14.3,1017.8
2025-04-16,17.2,11.0,21.1,0.0,12.4,1019.8
2025-04-17,19.4,12.7,26.4,0.0,13.7,1017.2
2025-04-18,21.8,14.7,30.6,0.0,12.8,1013.3
2025-04-19,20.2,15.0,23.6,0.0,9.7,1011.7
2025-04-20,19.3,14.2,23.6,0.0,11.1,1011.5
2025-04-21,19.3,16.6,21.5,0.0,11.2,1011.5
2025-04-22,24.3,16.2,35.4,0.0,14.0,1009.3
2025-04-23,24.9,19.7,32.2,0.0,15.4,1008.5
2025-04-24,20.7,19.5,24.1,0.0,12.0,1010.1
2025-04-25,20.1,17.2,22.6,0.1,12.1,1011.6
2025-04-26,19.8,15.4,23.0,2.4,11.4,1011.9
2025-04-27,19.4,15.2,21.9,0.0,14.5,1012.9
2025-04-28,20.1,17.4,22.0,0.0,13.2,1011.8
2025-04-29,20.2,17.7,23.0,0.6,11.0,1011.7
2025-04-30,24.4,15.5,35.7,0.7,15.2,1006.3
2025-05-01,20.4,19.2,21.6,1.5,13.4,1010.7
2025-05-02,21.3,17.9,25.0,0.8,11.0,1010.6
2025-05-03,20.0,15.2,24.5,0.0,13.7,1010.7
2025-05-04,20.2,17.0,23.0,0.7,11.5,1010.8
2025-05-05,20.1,17.0,23.0,2.2,13.7,1013.9
2025-05-06,19.9,15.0,25.0,0.0,12.1,1017.6
2025-05-07,20.3,15.9,23.0,0.0,11.0,1016.8
2025-05-08,22.3,18.3,25.0,0.0,11.5,1013.0
2025-05-09,23.7,20.0,26.2,0.0,11.7,1012.4
2025-05-10,23.9,20.4,27.0,0.0,10.8,1012.0
2025-05-11,24.7,19.0,28.0,0.0,8.8,1009.3
2025-05-12,24.6,20.0,31.0,0.0,13.0,1006.3
2025-05-13,23.2,19.0,28.0,0.2,9.4,1007.2
2025-05-14,22.2,19.7,24.0,0.0,13.3,1010.7
2025-05-15,21.4,18.6,24.0,0.0,12.2,1015.1
2025-05-16,21.7,16.0,30.0,0.0,12.3,1015.5
2025-05-17,29.4,22.8,41.0,0.0,10.7,1012.6
2025-05-18,24.3,21.6,29.0,0.0,12.5,1015.6
2025-05-19,21.9,19.4,24.0,0.0,12.4,1016.3
2025-05-20,21.2,18.0,25.0,0.0,11.4,1014.2
2025-05-21,20.9,17.0,23.0,0.0,12.2,1013.2
2025-05-22,22.7,19.6,25.0,0.0,13.7,1011.0
2025-05-23,23.7,19.0,28.0,0.0,12.7,1009.9
2025-05-24,24.2,21.0,28.0,0.0,11.2,1010.0
2025-05-25,24.0,18.0,30.0,0.0,9.2,1009.5
2025-05-26,26.0,19.0,35.0,0.0,10.6,1006.7
2025-05-27,23.8,20.8,26.4,0.8,14.8,1009.6
2025-05-28,22.6,20.4,25.0,0.0,15.0,1011.4
2025-05-29,23.0,20.6,26.0,0.0,12.5,1011.4
2025-05-30,22.4,19.0,25.0,0.1,11.0,1010.9
2025-05-31,23.9,19.3,28.0,0.0,13.1,1008.7
2025-06-01,23.6,21.0,26.0,0.0,12.2,1013.9
2025-06-02,22.6,19.0,26.0,0.0,12.2,1016.7
2025-06-03,23.0,20.2,25.0,0.0,13.0,1015.1
2025-06-04,24.0,19.6,28.0,0.0,11.5,1013.1
2025-06-05,24.8,21.3,29.0,0.0,10.6,1012.6
2025-06-06,25.3,21.0,31.0,0.0,10.8,1011.6
2025-06-07,24.7,21.3,28.0,0.0,11.3,1010.9
2025-06-08,24.5,20.0,29.0,0.0,10.5,1009.2
2025-06-09,24.8,22.7,27.0,0.0,13.4,1008.6
2025-06-10,24.9,22.9,29.0,0.0,12.0,1007.2
2025-06-11,25.4,22.0,29.0,0.0,11.8,1006.5
2025-06-12,25.3,20.0,31.0,0.0,10.0,1008.3
2025-06-13,25.3,20.0,30.0,0.0,10.9,1009.9
2025-06-14,25.8,21.0,31.0,0.0,11.1,1009.1
2025-06-15,25.3,22.0,29.0,0.0,11.5,1008.1
2025-06-16,24.8,21.6,28.0,0.0,12.2,1007.9
2025-06-17,25.0,21.4,28.0,0.0,13.3,1008.4
2025-06-18,26.2,22.2,29.0,0.0,14.2,1009.7
2025-06-19,26.4,22.0,31.0,0.0,11.2,1010.3
2025-06-20,25.7,21.0,30.0,0.0,10.9,1009.4
2025-06-21,26.0,21.0,31.0,0.0,11.6,1008.8
2025-06-22,25.7,22.0,29.0,0.0,10.9,1008.4
2025-06-23,26.0,22.9,30.0,0.0,12.0,1007.6
2025-06-24,26.4,22.0,30.0,0.0,12.6,1007.3
2025-06-25,26.5,22.0,30.0,0.0,10.9,1007.3
2025-06-26,26.5,21.0,31.0,0.0,12.1,1006.9
2025-06-27,26.2,21.3,30.7,0.0,14.1,1006.6
2025-06-28,26.5,21.6,31.2,0.0,12.4,1003.3
2025-06-29,26.8,22.3,30.8,0.0,12.1,1001.1
2025-06-30,25.8,22.7,28.9,0.0,12.4,1002.5
2025-07-01,25.7,23.6,27.7,0.0,15.3,1006.6
2025-07-02,24.7,21.9,27.8,0.0,15.1,1007.7
2025-07-03,25.2,21.4,28.8,0.0,13.8,1007.3
2025-07-04,25.6,22.5,28.7,0.0,15.2,1006.3
2025-07-05,25.7,22.1,28.6,0.0,15.3,1006.1
